[{"model": "admin.logentry", "pk": 1, "fields": {"action_time": "2024-07-12T16:15:31.674Z", "user": 1, "content_type": 7, "object_id": "1", "object_repr": "ridaya350@gmail.com", "action_flag": 2, "change_message": "[]"}}, {"model": "admin.logentry", "pk": 2, "fields": {"action_time": "2024-07-12T16:33:10.118Z", "user": 1, "content_type": 6, "object_id": "1", "object_repr": "Shirts", "action_flag": 1, "change_message": "[{\"added\": {}}]"}}, {"model": "admin.logentry", "pk": 3, "fields": {"action_time": "2024-07-12T16:40:19.031Z", "user": 1, "content_type": 6, "object_id": "2", "object_repr": "half pants", "action_flag": 1, "change_message": "[{\"added\": {}}]"}}, {"model": "admin.logentry", "pk": 4, "fields": {"action_time": "2024-07-12T16:40:33.183Z", "user": 1, "content_type": 6, "object_id": "3", "object_repr": "shoes", "action_flag": 1, "change_message": "[{\"added\": {}}]"}}, {"model": "admin.logentry", "pk": 5, "fields": {"action_time": "2024-07-12T16:40:42.205Z", "user": 1, "content_type": 6, "object_id": "3", "object_repr": "shoes", "action_flag": 2, "change_message": "[{\"changed\": {\"fields\": [\"Description\"]}}]"}}, {"model": "admin.logentry", "pk": 6, "fields": {"action_time": "2024-07-12T16:41:02.079Z", "user": 1, "content_type": 6, "object_id": "4", "object_repr": "jacket", "action_flag": 1, "change_message": "[{\"added\": {}}]"}}, {"model": "admin.logentry", "pk": 7, "fields": {"action_time": "2024-07-13T10:40:09.757Z", "user": 1, "content_type": 8, "object_id": "1", "object_repr": "Converse", "action_flag": 1, "change_message": "[{\"added\": {}}]"}}, {"model": "admin.logentry", "pk": 8, "fields": {"action_time": "2024-07-13T10:41:50.097Z", "user": 1, "content_type": 8, "object_id": "2", "object_repr": "Halfpants", "action_flag": 1, "change_message": "[{\"added\": {}}]"}}, {"model": "admin.logentry", "pk": 9, "fields": {"action_time": "2024-07-17T11:19:39.569Z", "user": 1, "content_type": 8, "object_id": "2", "object_repr": "Halfpants", "action_flag": 2, "change_message": "[{\"changed\": {\"fields\": [\"Slug\"]}}]"}}, {"model": "admin.logentry", "pk": 10, "fields": {"action_time": "2024-07-17T11:24:41.169Z", "user": 1, "content_type": 8, "object_id": "1", "object_repr": "Jacket", "action_flag": 2, "change_message": "[{\"changed\": {\"fields\": [\"Product name\", \"Slug\", \"Images\", \"Category\"]}}]"}}, {"model": "admin.logentry", "pk": 11, "fields": {"action_time": "2024-07-17T12:26:01.954Z", "user": 1, "content_type": 8, "object_id": "1", "object_repr": "Jacket", "action_flag": 2, "change_message": "[{\"changed\": {\"fields\": [\"Stock\"]}}]"}}, {"model": "admin.logentry", "pk": 12, "fields": {"action_time": "2024-07-20T02:19:54.278Z", "user": 1, "content_type": 6, "object_id": "5", "object_repr": "Bag", "action_flag": 1, "change_message": "[{\"added\": {}}]"}}, {"model": "admin.logentry", "pk": 13, "fields": {"action_time": "2024-07-20T02:20:02.596Z", "user": 1, "content_type": 8, "object_id": "3", "object_repr": "Hemp Bag", "action_flag": 1, "change_message": "[{\"added\": {}}]"}}, {"model": "admin.logentry", "pk": 14, "fields": {"action_time": "2024-07-20T02:22:13.367Z", "user": 1, "content_type": 8, "object_id": "4", "object_repr": "Orange Hemp Bag", "action_flag": 1, "change_message": "[{\"added\": {}}]"}}, {"model": "admin.logentry", "pk": 15, "fields": {"action_time": "2024-07-20T02:25:34.704Z", "user": 1, "content_type": 8, "object_id": "5", "object_repr": "Side Bag", "action_flag": 1, "change_message": "[{\"added\": {}}]"}}, {"model": "admin.logentry", "pk": 16, "fields": {"action_time": "2024-07-20T02:26:49.775Z", "user": 1, "content_type": 8, "object_id": "6", "object_repr": "Limited edition", "action_flag": 1, "change_message": "[{\"added\": {}}]"}}, {"model": "admin.logentry", "pk": 17, "fields": {"action_time": "2024-07-20T02:28:58.574Z", "user": 1, "content_type": 8, "object_id": "5", "object_repr": "Side Bag", "action_flag": 2, "change_message": "[{\"changed\": {\"fields\": [\"Slug\"]}}]"}}, {"model": "admin.logentry", "pk": 18, "fields": {"action_time": "2024-07-20T02:30:03.787Z", "user": 1, "content_type": 8, "object_id": "4", "object_repr": "Orange Hemp Bag", "action_flag": 2, "change_message": "[{\"changed\": {\"fields\": [\"Slug\"]}}]"}}, {"model": "admin.logentry", "pk": 19, "fields": {"action_time": "2024-07-20T02:30:54.777Z", "user": 1, "content_type": 8, "object_id": "7", "object_repr": "Conver", "action_flag": 1, "change_message": "[{\"added\": {}}]"}}, {"model": "admin.logentry", "pk": 20, "fields": {"action_time": "2024-07-20T02:31:08.515Z", "user": 1, "content_type": 8, "object_id": "7", "object_repr": "Converse", "action_flag": 2, "change_message": "[{\"changed\": {\"fields\": [\"Product name\"]}}]"}}, {"model": "admin.logentry", "pk": 21, "fields": {"action_time": "2024-07-20T02:32:22.774Z", "user": 1, "content_type": 8, "object_id": "8", "object_repr": "Polo", "action_flag": 1, "change_message": "[{\"added\": {}}]"}}, {"model": "admin.logentry", "pk": 22, "fields": {"action_time": "2024-07-20T02:34:20.932Z", "user": 1, "content_type": 8, "object_id": "9", "object_repr": "Jeans Bag", "action_flag": 1, "change_message": "[{\"added\": {}}]"}}, {"model": "admin.logentry", "pk": 23, "fields": {"action_time": "2024-07-20T02:35:41.198Z", "user": 1, "content_type": 8, "object_id": "9", "object_repr": "Jeans Bag", "action_flag": 2, "change_message": "[{\"changed\": {\"fields\": [\"Is available\"]}}]"}}, {"model": "admin.logentry", "pk": 24, "fields": {"action_time": "2024-07-20T02:39:45.714Z", "user": 1, "content_type": 8, "object_id": "10", "object_repr": "Polo-T shirt", "action_flag": 1, "change_message": "[{\"added\": {}}]"}}, {"model": "admin.logentry", "pk": 25, "fields": {"action_time": "2024-07-22T14:15:19.087Z", "user": 1, "content_type": 11, "object_id": "1", "object_repr": "Variation object (1)", "action_flag": 1, "change_message": "[{\"added\": {}}]"}}, {"model": "admin.logentry", "pk": 26, "fields": {"action_time": "2024-07-22T14:31:32.788Z", "user": 1, "content_type": 11, "object_id": "1", "object_repr": "Variation object (1)", "action_flag": 2, "change_message": "[]"}}, {"model": "admin.logentry", "pk": 27, "fields": {"action_time": "2024-07-22T14:31:42.754Z", "user": 1, "content_type": 11, "object_id": "2", "object_repr": "Variation object (2)", "action_flag": 1, "change_message": "[{\"added\": {}}]"}}, {"model": "admin.logentry", "pk": 28, "fields": {"action_time": "2024-07-22T14:32:00.352Z", "user": 1, "content_type": 11, "object_id": "3", "object_repr": "Variation object (3)", "action_flag": 1, "change_message": "[{\"added\": {}}]"}}, {"model": "admin.logentry", "pk": 29, "fields": {"action_time": "2024-07-22T14:33:44.275Z", "user": 1, "content_type": 11, "object_id": "3", "object_repr": "Variation object (3)", "action_flag": 2, "change_message": "[{\"changed\": {\"fields\": [\"Variation value\"]}}]"}}, {"model": "admin.logentry", "pk": 30, "fields": {"action_time": "2024-07-22T14:38:47.367Z", "user": 1, "content_type": 11, "object_id": "3", "object_repr": "Variation object (3)", "action_flag": 2, "change_message": "[{\"changed\": {\"fields\": [\"Variation category\", \"Variation value\"]}}]"}}, {"model": "admin.logentry", "pk": 31, "fields": {"action_time": "2024-07-22T14:52:47.782Z", "user": 1, "content_type": 11, "object_id": "4", "object_repr": "Variation object (4)", "action_flag": 1, "change_message": "[{\"added\": {}}]"}}, {"model": "admin.logentry", "pk": 32, "fields": {"action_time": "2024-07-22T14:52:57.869Z", "user": 1, "content_type": 11, "object_id": "4", "object_repr": "Variation object (4)", "action_flag": 2, "change_message": "[{\"changed\": {\"fields\": [\"Variation category\", \"Variation value\"]}}]"}}, {"model": "admin.logentry", "pk": 33, "fields": {"action_time": "2024-07-22T14:53:47.635Z", "user": 1, "content_type": 11, "object_id": "4", "object_repr": "Variation object (4)", "action_flag": 2, "change_message": "[{\"changed\": {\"fields\": [\"Variation category\"]}}]"}}, {"model": "admin.logentry", "pk": 34, "fields": {"action_time": "2024-07-22T14:54:00.736Z", "user": 1, "content_type": 11, "object_id": "3", "object_repr": "Variation object (3)", "action_flag": 2, "change_message": "[{\"changed\": {\"fields\": [\"Variation category\", \"Variation value\"]}}]"}}, {"model": "admin.logentry", "pk": 35, "fields": {"action_time": "2024-07-22T14:54:35.469Z", "user": 1, "content_type": 11, "object_id": "3", "object_repr": "Variation object (3)", "action_flag": 2, "change_message": "[{\"changed\": {\"fields\": [\"Variation category\", \"Variation value\"]}}]"}}, {"model": "admin.logentry", "pk": 36, "fields": {"action_time": "2024-07-22T14:55:06.633Z", "user": 1, "content_type": 11, "object_id": "2", "object_repr": "Variation object (2)", "action_flag": 2, "change_message": "[{\"changed\": {\"fields\": [\"Variation category\", \"Variation value\"]}}]"}}, {"model": "admin.logentry", "pk": 37, "fields": {"action_time": "2024-07-22T14:55:47.909Z", "user": 1, "content_type": 11, "object_id": "5", "object_repr": "Variation object (5)", "action_flag": 1, "change_message": "[{\"added\": {}}]"}}, {"model": "admin.logentry", "pk": 38, "fields": {"action_time": "2024-07-23T05:50:58.558Z", "user": 1, "content_type": 10, "object_id": "14", "object_repr": "CartItem object (14)", "action_flag": 3, "change_message": ""}}, {"model": "admin.logentry", "pk": 39, "fields": {"action_time": "2024-07-27T09:16:38.975Z", "user": 1, "content_type": 8, "object_id": "2", "object_repr": "Halfpants", "action_flag": 2, "change_message": "[{\"changed\": {\"fields\": [\"Description\"]}}]"}}, {"model": "admin.logentry", "pk": 40, "fields": {"action_time": "2024-07-27T09:17:29.378Z", "user": 1, "content_type": 8, "object_id": "9", "object_repr": "Jeans Bag", "action_flag": 2, "change_message": "[{\"changed\": {\"fields\": [\"Description\"]}}]"}}, {"model": "admin.logentry", "pk": 41, "fields": {"action_time": "2024-07-27T09:18:02.656Z", "user": 1, "content_type": 8, "object_id": "7", "object_repr": "Converse", "action_flag": 2, "change_message": "[{\"changed\": {\"fields\": [\"Description\"]}}]"}}, {"model": "admin.logentry", "pk": 42, "fields": {"action_time": "2024-07-27T09:18:36.390Z", "user": 1, "content_type": 8, "object_id": "7", "object_repr": "Converse-chuck", "action_flag": 2, "change_message": "[{\"changed\": {\"fields\": [\"Product name\"]}}]"}}, {"model": "admin.logentry", "pk": 43, "fields": {"action_time": "2024-07-27T09:18:57.943Z", "user": 1, "content_type": 8, "object_id": "10", "object_repr": "Polo-T shirt", "action_flag": 2, "change_message": "[{\"changed\": {\"fields\": [\"Description\"]}}]"}}, {"model": "admin.logentry", "pk": 44, "fields": {"action_time": "2024-07-27T09:19:40.555Z", "user": 1, "content_type": 8, "object_id": "10", "object_repr": "Polo T-shirt", "action_flag": 2, "change_message": "[{\"changed\": {\"fields\": [\"Product name\", \"Slug\", \"Description\"]}}]"}}, {"model": "admin.logentry", "pk": 45, "fields": {"action_time": "2024-07-27T09:20:19.865Z", "user": 1, "content_type": 8, "object_id": "6", "object_repr": "Limited edition", "action_flag": 2, "change_message": "[{\"changed\": {\"fields\": [\"Description\"]}}]"}}, {"model": "admin.logentry", "pk": 46, "fields": {"action_time": "2024-07-27T09:21:44.380Z", "user": 1, "content_type": 8, "object_id": "2", "object_repr": "Half-pant", "action_flag": 2, "change_message": "[{\"changed\": {\"fields\": [\"Product name\", \"Description\"]}}]"}}, {"model": "admin.logentry", "pk": 47, "fields": {"action_time": "2024-08-01T05:40:28.196Z", "user": 1, "content_type": 8, "object_id": "11", "object_repr": "Nike-3 Bag", "action_flag": 1, "change_message": "[{\"added\": {}}]"}}, {"model": "admin.logentry", "pk": 48, "fields": {"action_time": "2024-08-02T03:12:59.461Z", "user": 1, "content_type": 8, "object_id": "11", "object_repr": "Bag", "action_flag": 2, "change_message": "[{\"changed\": {\"fields\": [\"Product name\", \"Slug\", \"Description\", \"Images\", \"Stock\"]}}]"}}, {"model": "admin.logentry", "pk": 49, "fields": {"action_time": "2024-08-02T03:15:11.837Z", "user": 1, "content_type": 8, "object_id": "1", "object_repr": "Himalayan", "action_flag": 2, "change_message": "[{\"changed\": {\"fields\": [\"Product name\", \"Slug\", \"Stock\", \"Category\"]}}]"}}, {"model": "admin.logentry", "pk": 50, "fields": {"action_time": "2024-08-02T03:15:57.016Z", "user": 1, "content_type": 8, "object_id": "1", "object_repr": "Himalayan", "action_flag": 3, "change_message": ""}}, {"model": "admin.logentry", "pk": 51, "fields": {"action_time": "2024-08-02T03:16:15.012Z", "user": 1, "content_type": 8, "object_id": "10", "object_repr": "Polo T-shirt", "action_flag": 3, "change_message": ""}}, {"model": "admin.logentry", "pk": 52, "fields": {"action_time": "2024-08-02T03:18:11.092Z", "user": 1, "content_type": 8, "object_id": "7", "object_repr": "Converse-chuck", "action_flag": 3, "change_message": ""}}, {"model": "admin.logentry", "pk": 53, "fields": {"action_time": "2024-08-02T03:19:31.637Z", "user": 1, "content_type": 8, "object_id": "12", "object_repr": "Limited", "action_flag": 1, "change_message": "[{\"added\": {}}]"}}, {"model": "admin.logentry", "pk": 54, "fields": {"action_time": "2024-08-08T05:34:13.622Z", "user": 1, "content_type": 6, "object_id": "6", "object_repr": "Printed", "action_flag": 1, "change_message": "[{\"added\": {}}]"}}, {"model": "admin.logentry", "pk": 55, "fields": {"action_time": "2024-08-15T02:46:24.953Z", "user": 1, "content_type": 7, "object_id": "1", "object_repr": "ridaya350@gmail.com", "action_flag": 2, "change_message": "[]"}}, {"model": "admin.logentry", "pk": 56, "fields": {"action_time": "2024-08-15T07:15:01.206Z", "user": 1, "content_type": 7, "object_id": "30", "object_repr": "pjashrestha099@gmail.com", "action_flag": 3, "change_message": ""}}, {"model": "admin.logentry", "pk": 57, "fields": {"action_time": "2024-08-15T07:30:18.609Z", "user": 1, "content_type": 7, "object_id": "32", "object_repr": "pjashrestha098@gmail.com", "action_flag": 3, "change_message": ""}}, {"model": "admin.logentry", "pk": 58, "fields": {"action_time": "2024-08-15T07:32:23.183Z", "user": 1, "content_type": 7, "object_id": "31", "object_repr": "pjashrestha099@gmail.com", "action_flag": 3, "change_message": ""}}, {"model": "admin.logentry", "pk": 59, "fields": {"action_time": "2024-08-16T02:22:24.268Z", "user": 1, "content_type": 7, "object_id": "34", "object_repr": "pjashrestha099@gmail.com", "action_flag": 3, "change_message": ""}}, {"model": "admin.logentry", "pk": 60, "fields": {"action_time": "2024-08-16T02:42:13.952Z", "user": 1, "content_type": 7, "object_id": "38", "object_repr": "pjashrestha099@gmail.com", "action_flag": 3, "change_message": ""}}, {"model": "admin.logentry", "pk": 61, "fields": {"action_time": "2024-08-16T02:52:49.630Z", "user": 1, "content_type": 7, "object_id": "39", "object_repr": "pjashrestha099@gmail.com", "action_flag": 3, "change_message": ""}}, {"model": "admin.logentry", "pk": 62, "fields": {"action_time": "2024-08-16T03:05:14.651Z", "user": 1, "content_type": 7, "object_id": "41", "object_repr": "pjashrestha099@gmail.com", "action_flag": 3, "change_message": ""}}, {"model": "admin.logentry", "pk": 63, "fields": {"action_time": "2024-08-16T08:26:24.566Z", "user": 1, "content_type": 7, "object_id": "2", "object_repr": "rsdmsk@egmil.com", "action_flag": 3, "change_message": ""}}, {"model": "admin.logentry", "pk": 64, "fields": {"action_time": "2024-08-16T08:26:24.582Z", "user": 1, "content_type": 7, "object_id": "3", "object_repr": "sthabkrm8@gmail.com", "action_flag": 3, "change_message": ""}}, {"model": "admin.logentry", "pk": 65, "fields": {"action_time": "2024-08-16T08:26:24.582Z", "user": 1, "content_type": 7, "object_id": "4", "object_repr": "ridayabhujel290@gmail.com", "action_flag": 3, "change_message": ""}}, {"model": "admin.logentry", "pk": 66, "fields": {"action_time": "2024-08-16T08:26:24.611Z", "user": 1, "content_type": 7, "object_id": "5", "object_repr": "ridaya11@gmail.com", "action_flag": 3, "change_message": ""}}, {"model": "admin.logentry", "pk": 67, "fields": {"action_time": "2024-08-16T08:26:24.635Z", "user": 1, "content_type": 7, "object_id": "6", "object_repr": "a@gmail.com", "action_flag": 3, "change_message": ""}}, {"model": "admin.logentry", "pk": 68, "fields": {"action_time": "2024-08-16T08:26:24.649Z", "user": 1, "content_type": 7, "object_id": "7", "object_repr": "ramsita@gmail.com", "action_flag": 3, "change_message": ""}}, {"model": "admin.logentry", "pk": 69, "fields": {"action_time": "2024-08-16T08:26:24.666Z", "user": 1, "content_type": 7, "object_id": "8", "object_repr": "rere@gmail.com", "action_flag": 3, "change_message": ""}}, {"model": "admin.logentry", "pk": 70, "fields": {"action_time": "2024-08-16T08:26:24.700Z", "user": 1, "content_type": 7, "object_id": "9", "object_repr": "lamasita@gmail.com", "action_flag": 3, "change_message": ""}}, {"model": "admin.logentry", "pk": 71, "fields": {"action_time": "2024-08-16T08:26:24.715Z", "user": 1, "content_type": 7, "object_id": "10", "object_repr": "ridaya12@gmail.com", "action_flag": 3, "change_message": ""}}, {"model": "admin.logentry", "pk": 72, "fields": {"action_time": "2024-08-16T08:26:24.733Z", "user": 1, "content_type": 7, "object_id": "11", "object_repr": "shresthaprem08@gmail.com", "action_flag": 3, "change_message": ""}}, {"model": "admin.logentry", "pk": 73, "fields": {"action_time": "2024-08-16T08:26:24.749Z", "user": 1, "content_type": 7, "object_id": "12", "object_repr": "sthabkrm3@gmail.com", "action_flag": 3, "change_message": ""}}, {"model": "admin.logentry", "pk": 74, "fields": {"action_time": "2024-08-16T08:26:24.782Z", "user": 1, "content_type": 7, "object_id": "13", "object_repr": "sthabk3@gmail.com", "action_flag": 3, "change_message": ""}}, {"model": "admin.logentry", "pk": 75, "fields": {"action_time": "2024-08-16T08:26:24.844Z", "user": 1, "content_type": 7, "object_id": "14", "object_repr": "lama@gmail.com", "action_flag": 3, "change_message": ""}}, {"model": "admin.logentry", "pk": 76, "fields": {"action_time": "2024-08-16T08:26:24.882Z", "user": 1, "content_type": 7, "object_id": "15", "object_repr": "rijal@gmail.com", "action_flag": 3, "change_message": ""}}, {"model": "admin.logentry", "pk": 77, "fields": {"action_time": "2024-08-16T08:26:24.896Z", "user": 1, "content_type": 7, "object_id": "16", "object_repr": "rijalq@gmail.com", "action_flag": 3, "change_message": ""}}, {"model": "admin.logentry", "pk": 78, "fields": {"action_time": "2024-08-16T08:26:24.901Z", "user": 1, "content_type": 7, "object_id": "17", "object_repr": "lamasita2@gmail.com", "action_flag": 3, "change_message": ""}}, {"model": "admin.logentry", "pk": 79, "fields": {"action_time": "2024-08-16T08:26:24.913Z", "user": 1, "content_type": 7, "object_id": "18", "object_repr": "aaa@gmail.com", "action_flag": 3, "change_message": ""}}, {"model": "admin.logentry", "pk": 80, "fields": {"action_time": "2024-08-16T08:26:24.917Z", "user": 1, "content_type": 7, "object_id": "19", "object_repr": "stha@gmail.com", "action_flag": 3, "change_message": ""}}, {"model": "admin.logentry", "pk": 81, "fields": {"action_time": "2024-08-16T08:26:24.949Z", "user": 1, "content_type": 7, "object_id": "20", "object_repr": "motu@gmaill.com", "action_flag": 3, "change_message": ""}}, {"model": "admin.logentry", "pk": 82, "fields": {"action_time": "2024-08-16T08:26:24.965Z", "user": 1, "content_type": 7, "object_id": "21", "object_repr": "sthaa@gmail.com", "action_flag": 3, "change_message": ""}}, {"model": "admin.logentry", "pk": 83, "fields": {"action_time": "2024-08-16T08:26:24.982Z", "user": 1, "content_type": 7, "object_id": "22", "object_repr": "sthass@gmail.com", "action_flag": 3, "change_message": ""}}, {"model": "admin.logentry", "pk": 84, "fields": {"action_time": "2024-08-16T08:26:25.005Z", "user": 1, "content_type": 7, "object_id": "23", "object_repr": "sthaaaa@gmail.com", "action_flag": 3, "change_message": ""}}, {"model": "admin.logentry", "pk": 85, "fields": {"action_time": "2024-08-16T08:26:25.020Z", "user": 1, "content_type": 7, "object_id": "24", "object_repr": "motu@yahoo.com", "action_flag": 3, "change_message": ""}}, {"model": "admin.logentry", "pk": 86, "fields": {"action_time": "2024-08-16T08:26:25.040Z", "user": 1, "content_type": 7, "object_id": "25", "object_repr": "rijalr@gmail.com", "action_flag": 3, "change_message": ""}}, {"model": "admin.logentry", "pk": 87, "fields": {"action_time": "2024-08-16T08:26:25.056Z", "user": 1, "content_type": 7, "object_id": "26", "object_repr": "rijalqq@gmail.com", "action_flag": 3, "change_message": ""}}, {"model": "admin.logentry", "pk": 88, "fields": {"action_time": "2024-08-16T08:26:25.064Z", "user": 1, "content_type": 7, "object_id": "27", "object_repr": "sthap@gmail.com", "action_flag": 3, "change_message": ""}}, {"model": "admin.logentry", "pk": 89, "fields": {"action_time": "2024-08-16T08:26:25.083Z", "user": 1, "content_type": 7, "object_id": "28", "object_repr": "shrestharoshan@gmail.com", "action_flag": 3, "change_message": ""}}, {"model": "admin.logentry", "pk": 90, "fields": {"action_time": "2024-08-16T08:26:25.097Z", "user": 1, "content_type": 7, "object_id": "29", "object_repr": "sthapuja@gmail.com", "action_flag": 3, "change_message": ""}}, {"model": "admin.logentry", "pk": 91, "fields": {"action_time": "2024-08-16T08:26:25.104Z", "user": 1, "content_type": 7, "object_id": "33", "object_repr": "pjashrestha0998@gmail.com", "action_flag": 3, "change_message": ""}}, {"model": "admin.logentry", "pk": 92, "fields": {"action_time": "2024-08-16T08:26:25.120Z", "user": 1, "content_type": 7, "object_id": "35", "object_repr": "pjashrestha0099@gmail.com", "action_flag": 3, "change_message": ""}}, {"model": "admin.logentry", "pk": 93, "fields": {"action_time": "2024-08-16T08:26:25.129Z", "user": 1, "content_type": 7, "object_id": "36", "object_repr": "pjashrestha00990@gmail.com", "action_flag": 3, "change_message": ""}}, {"model": "admin.logentry", "pk": 94, "fields": {"action_time": "2024-08-16T08:26:25.144Z", "user": 1, "content_type": 7, "object_id": "37", "object_repr": "sthapr@gmail.com", "action_flag": 3, "change_message": ""}}, {"model": "admin.logentry", "pk": 95, "fields": {"action_time": "2024-08-16T08:26:25.149Z", "user": 1, "content_type": 7, "object_id": "40", "object_repr": "pjashrestha0990@gmail.com", "action_flag": 3, "change_message": ""}}, {"model": "admin.logentry", "pk": 96, "fields": {"action_time": "2024-08-16T08:26:25.168Z", "user": 1, "content_type": 7, "object_id": "42", "object_repr": "pjashrestha099@gmail.com", "action_flag": 3, "change_message": ""}}, {"model": "admin.logentry", "pk": 97, "fields": {"action_time": "2024-08-16T08:29:47.221Z", "user": 1, "content_type": 7, "object_id": "43", "object_repr": "pjashrestha099@gmail.com", "action_flag": 3, "change_message": ""}}, {"model": "admin.logentry", "pk": 98, "fields": {"action_time": "2024-08-16T08:48:52.633Z", "user": 1, "content_type": 7, "object_id": "44", "object_repr": "pjashrestha099@gmail.com", "action_flag": 3, "change_message": ""}}, {"model": "admin.logentry", "pk": 99, "fields": {"action_time": "2024-08-16T08:54:13.525Z", "user": 1, "content_type": 7, "object_id": "45", "object_repr": "pjashrestha099@gmail.com", "action_flag": 3, "change_message": ""}}, {"model": "admin.logentry", "pk": 100, "fields": {"action_time": "2024-08-16T09:01:41.544Z", "user": 1, "content_type": 7, "object_id": "46", "object_repr": "pjashrestha099@gmail.com", "action_flag": 3, "change_message": ""}}, {"model": "admin.logentry", "pk": 101, "fields": {"action_time": "2024-08-16T09:10:39.506Z", "user": 1, "content_type": 7, "object_id": "47", "object_repr": "pjashrestha099@gmail.com", "action_flag": 3, "change_message": ""}}, {"model": "admin.logentry", "pk": 102, "fields": {"action_time": "2024-08-16T09:14:16.314Z", "user": 1, "content_type": 7, "object_id": "48", "object_repr": "pjashrestha099@gmail.com", "action_flag": 3, "change_message": ""}}, {"model": "admin.logentry", "pk": 103, "fields": {"action_time": "2024-08-16T09:20:45.871Z", "user": 1, "content_type": 7, "object_id": "49", "object_repr": "pjashrestha099@gmail.com", "action_flag": 3, "change_message": ""}}, {"model": "admin.logentry", "pk": 104, "fields": {"action_time": "2024-08-16T09:38:01.552Z", "user": 1, "content_type": 7, "object_id": "50", "object_repr": "pjashrestha099@gmail.com", "action_flag": 3, "change_message": ""}}, {"model": "admin.logentry", "pk": 105, "fields": {"action_time": "2024-08-21T10:43:16.385Z", "user": 1, "content_type": 10, "object_id": "60", "object_repr": "Hemp Bag - No User", "action_flag": 3, "change_message": ""}}, {"model": "admin.logentry", "pk": 106, "fields": {"action_time": "2024-08-21T10:43:16.395Z", "user": 1, "content_type": 10, "object_id": "59", "object_repr": "Hemp Bag - No User", "action_flag": 3, "change_message": ""}}, {"model": "admin.logentry", "pk": 107, "fields": {"action_time": "2024-08-21T10:43:16.401Z", "user": 1, "content_type": 10, "object_id": "58", "object_repr": "Hemp Bag - pjashrestha099@gmail.com", "action_flag": 3, "change_message": ""}}, {"model": "admin.logentry", "pk": 108, "fields": {"action_time": "2024-08-21T10:43:16.412Z", "user": 1, "content_type": 10, "object_id": "57", "object_repr": "Polo - No User", "action_flag": 3, "change_message": ""}}, {"model": "admin.logentry", "pk": 109, "fields": {"action_time": "2024-08-21T10:43:16.414Z", "user": 1, "content_type": 10, "object_id": "56", "object_repr": "Polo - No User", "action_flag": 3, "change_message": ""}}, {"model": "admin.logentry", "pk": 110, "fields": {"action_time": "2024-08-21T10:43:16.414Z", "user": 1, "content_type": 10, "object_id": "55", "object_repr": "Hemp Bag - No User", "action_flag": 3, "change_message": ""}}, {"model": "admin.logentry", "pk": 111, "fields": {"action_time": "2024-08-21T10:43:16.429Z", "user": 1, "content_type": 10, "object_id": "54", "object_repr": "Hemp Bag - No User", "action_flag": 3, "change_message": ""}}, {"model": "admin.logentry", "pk": 112, "fields": {"action_time": "2024-08-21T10:43:16.434Z", "user": 1, "content_type": 10, "object_id": "53", "object_repr": "Hemp Bag - No User", "action_flag": 3, "change_message": ""}}, {"model": "admin.logentry", "pk": 113, "fields": {"action_time": "2024-08-21T10:43:16.447Z", "user": 1, "content_type": 10, "object_id": "52", "object_repr": "Hemp Bag - No User", "action_flag": 3, "change_message": ""}}, {"model": "admin.logentry", "pk": 114, "fields": {"action_time": "2024-08-21T10:43:16.447Z", "user": 1, "content_type": 10, "object_id": "49", "object_repr": "Polo - No User", "action_flag": 3, "change_message": ""}}, {"model": "admin.logentry", "pk": 115, "fields": {"action_time": "2024-08-21T10:43:16.458Z", "user": 1, "content_type": 10, "object_id": "48", "object_repr": "Hemp Bag - No User", "action_flag": 3, "change_message": ""}}, {"model": "admin.logentry", "pk": 116, "fields": {"action_time": "2024-08-21T10:43:16.466Z", "user": 1, "content_type": 10, "object_id": "46", "object_repr": "Hemp Bag - No User", "action_flag": 3, "change_message": ""}}, {"model": "admin.logentry", "pk": 117, "fields": {"action_time": "2024-08-21T10:43:16.498Z", "user": 1, "content_type": 10, "object_id": "19", "object_repr": "Hemp Bag - No User", "action_flag": 3, "change_message": ""}}, {"model": "admin.logentry", "pk": 118, "fields": {"action_time": "2024-08-21T10:43:16.513Z", "user": 1, "content_type": 10, "object_id": "4", "object_repr": "Half-pant - No User", "action_flag": 3, "change_message": ""}}, {"model": "admin.logentry", "pk": 119, "fields": {"action_time": "2024-08-21T10:53:46.837Z", "user": 1, "content_type": 10, "object_id": "63", "object_repr": "Hemp Bag - No User", "action_flag": 3, "change_message": ""}}, {"model": "admin.logentry", "pk": 120, "fields": {"action_time": "2024-08-22T09:09:09.124Z", "user": 1, "content_type": 9, "object_id": "19", "object_repr": "dbnkzny161xywihje8qf2ney9k9ly1ld", "action_flag": 3, "change_message": ""}}, {"model": "admin.logentry", "pk": 121, "fields": {"action_time": "2024-08-22T09:09:09.138Z", "user": 1, "content_type": 9, "object_id": "18", "object_repr": "ti6n7icfhcsm0syydig1bm638bgcl5cn", "action_flag": 3, "change_message": ""}}, {"model": "admin.logentry", "pk": 122, "fields": {"action_time": "2024-08-22T09:09:09.148Z", "user": 1, "content_type": 9, "object_id": "17", "object_repr": "pa7jen1jqt00048ptcxwqfleslt41p9n", "action_flag": 3, "change_message": ""}}, {"model": "admin.logentry", "pk": 123, "fields": {"action_time": "2024-08-22T09:09:09.160Z", "user": 1, "content_type": 9, "object_id": "16", "object_repr": "smjxbhbng28psrkctoseg4yxp7tcj0ni", "action_flag": 3, "change_message": ""}}, {"model": "admin.logentry", "pk": 124, "fields": {"action_time": "2024-08-22T09:09:09.174Z", "user": 1, "content_type": 9, "object_id": "15", "object_repr": "sl3a7chzk6c6y4h8m1rw5zckdhk6twcn", "action_flag": 3, "change_message": ""}}, {"model": "admin.logentry", "pk": 125, "fields": {"action_time": "2024-08-22T09:09:09.192Z", "user": 1, "content_type": 9, "object_id": "14", "object_repr": "aozfe0ztg3legptmd2ui4zcfo1x7yfbb", "action_flag": 3, "change_message": ""}}, {"model": "admin.logentry", "pk": 126, "fields": {"action_time": "2024-08-22T09:09:09.204Z", "user": 1, "content_type": 9, "object_id": "13", "object_repr": "lqpo1lvsuqkyl9qxs8o80juafv58uaq8", "action_flag": 3, "change_message": ""}}, {"model": "admin.logentry", "pk": 127, "fields": {"action_time": "2024-08-22T09:09:09.216Z", "user": 1, "content_type": 9, "object_id": "12", "object_repr": "vqz35m5ydyz2ypcnxjezm1gr4u2idj3p", "action_flag": 3, "change_message": ""}}, {"model": "admin.logentry", "pk": 128, "fields": {"action_time": "2024-08-22T09:09:09.228Z", "user": 1, "content_type": 9, "object_id": "11", "object_repr": "lzx36oupo63gatbwqswjqgzed8ncw0g7", "action_flag": 3, "change_message": ""}}, {"model": "admin.logentry", "pk": 129, "fields": {"action_time": "2024-08-22T09:09:09.232Z", "user": 1, "content_type": 9, "object_id": "10", "object_repr": "i8zxgnk4ikri6b4wxspys9pmxvf2v7he", "action_flag": 3, "change_message": ""}}, {"model": "admin.logentry", "pk": 130, "fields": {"action_time": "2024-08-22T09:09:09.244Z", "user": 1, "content_type": 9, "object_id": "9", "object_repr": "jrwty4kvbtkbi3e5npj4bam1cp7j3963", "action_flag": 3, "change_message": ""}}, {"model": "admin.logentry", "pk": 131, "fields": {"action_time": "2024-08-22T09:09:09.248Z", "user": 1, "content_type": 9, "object_id": "8", "object_repr": "bmnzx8y3z7d16drs2v4qgpystomvstuw", "action_flag": 3, "change_message": ""}}, {"model": "admin.logentry", "pk": 132, "fields": {"action_time": "2024-08-22T09:09:09.256Z", "user": 1, "content_type": 9, "object_id": "7", "object_repr": "rh0ksl6qp7xznofljiavx5joyk2nu2wq", "action_flag": 3, "change_message": ""}}, {"model": "admin.logentry", "pk": 133, "fields": {"action_time": "2024-08-22T09:09:09.264Z", "user": 1, "content_type": 9, "object_id": "6", "object_repr": "89to8k1jf5cj7xdcydjeq8zg2mgc6g7u", "action_flag": 3, "change_message": ""}}, {"model": "admin.logentry", "pk": 134, "fields": {"action_time": "2024-08-22T09:09:09.272Z", "user": 1, "content_type": 9, "object_id": "5", "object_repr": "m2575loqu7w5qkzt9rk5ls1mg8o09n4z", "action_flag": 3, "change_message": ""}}, {"model": "admin.logentry", "pk": 135, "fields": {"action_time": "2024-08-22T09:09:09.280Z", "user": 1, "content_type": 9, "object_id": "4", "object_repr": "y51ed1nm37tkjkl8835zf9x1cimltp6e", "action_flag": 3, "change_message": ""}}, {"model": "admin.logentry", "pk": 136, "fields": {"action_time": "2024-08-22T09:09:09.288Z", "user": 1, "content_type": 9, "object_id": "3", "object_repr": "5b9z4m8qf040vmz5w9cs8semcbvmauhs", "action_flag": 3, "change_message": ""}}, {"model": "admin.logentry", "pk": 137, "fields": {"action_time": "2024-08-22T09:09:09.292Z", "user": 1, "content_type": 9, "object_id": "2", "object_repr": "09uhpkiuwji3ftt0hkh22ijrx6x1q5za", "action_flag": 3, "change_message": ""}}, {"model": "admin.logentry", "pk": 138, "fields": {"action_time": "2024-08-22T09:09:09.300Z", "user": 1, "content_type": 9, "object_id": "1", "object_repr": "muwh91zqq98ksmaf7gss37rcq10brvog", "action_flag": 3, "change_message": ""}}, {"model": "admin.logentry", "pk": 139, "fields": {"action_time": "2024-08-23T15:21:30.812Z", "user": 1, "content_type": 10, "object_id": "73", "object_repr": "Hemp Bag - pjashrestha099@gmail.com", "action_flag": 3, "change_message": ""}}, {"model": "admin.logentry", "pk": 140, "fields": {"action_time": "2024-08-23T15:21:30.820Z", "user": 1, "content_type": 10, "object_id": "72", "object_repr": "Hemp Bag - pjashrestha099@gmail.com", "action_flag": 3, "change_message": ""}}, {"model": "admin.logentry", "pk": 141, "fields": {"action_time": "2024-08-23T15:21:30.825Z", "user": 1, "content_type": 10, "object_id": "70", "object_repr": "Polo - pjashrestha099@gmail.com", "action_flag": 3, "change_message": ""}}, {"model": "admin.logentry", "pk": 142, "fields": {"action_time": "2024-08-23T15:21:30.833Z", "user": 1, "content_type": 10, "object_id": "67", "object_repr": "Hemp Bag - pjashrestha099@gmail.com", "action_flag": 3, "change_message": ""}}, {"model": "admin.logentry", "pk": 143, "fields": {"action_time": "2024-08-23T15:24:59.565Z", "user": 1, "content_type": 10, "object_id": "75", "object_repr": "Hemp Bag - pjashrestha099@gmail.com", "action_flag": 3, "change_message": ""}}, {"model": "admin.logentry", "pk": 144, "fields": {"action_time": "2024-08-23T15:24:59.580Z", "user": 1, "content_type": 10, "object_id": "74", "object_repr": "Hemp Bag - pjashrestha099@gmail.com", "action_flag": 3, "change_message": ""}}, {"model": "admin.logentry", "pk": 145, "fields": {"action_time": "2024-08-26T02:55:10.365Z", "user": 1, "content_type": 10, "object_id": "82", "object_repr": "Hemp Bag - No User", "action_flag": 3, "change_message": ""}}, {"model": "admin.logentry", "pk": 146, "fields": {"action_time": "2024-08-26T02:55:10.373Z", "user": 1, "content_type": 10, "object_id": "81", "object_repr": "Hemp Bag - No User", "action_flag": 3, "change_message": ""}}, {"model": "admin.logentry", "pk": 147, "fields": {"action_time": "2024-08-26T02:55:10.381Z", "user": 1, "content_type": 10, "object_id": "80", "object_repr": "Hemp Bag - pjashrestha099@gmail.com", "action_flag": 3, "change_message": ""}}, {"model": "admin.logentry", "pk": 148, "fields": {"action_time": "2024-08-26T02:55:10.388Z", "user": 1, "content_type": 10, "object_id": "77", "object_repr": "Hemp Bag - No User", "action_flag": 3, "change_message": ""}}, {"model": "admin.logentry", "pk": 149, "fields": {"action_time": "2024-08-26T12:30:23.959Z", "user": 1, "content_type": 10, "object_id": "103", "object_repr": "CartItem object (103)", "action_flag": 3, "change_message": ""}}, {"model": "admin.logentry", "pk": 150, "fields": {"action_time": "2024-08-26T12:30:23.970Z", "user": 1, "content_type": 10, "object_id": "101", "object_repr": "CartItem object (101)", "action_flag": 3, "change_message": ""}}, {"model": "admin.logentry", "pk": 151, "fields": {"action_time": "2024-08-26T12:30:23.977Z", "user": 1, "content_type": 10, "object_id": "100", "object_repr": "CartItem object (100)", "action_flag": 3, "change_message": ""}}, {"model": "admin.logentry", "pk": 152, "fields": {"action_time": "2024-08-26T12:30:23.977Z", "user": 1, "content_type": 10, "object_id": "99", "object_repr": "CartItem object (99)", "action_flag": 3, "change_message": ""}}, {"model": "admin.logentry", "pk": 153, "fields": {"action_time": "2024-08-26T12:30:23.994Z", "user": 1, "content_type": 10, "object_id": "98", "object_repr": "CartItem object (98)", "action_flag": 3, "change_message": ""}}, {"model": "admin.logentry", "pk": 154, "fields": {"action_time": "2024-08-26T12:30:23.994Z", "user": 1, "content_type": 10, "object_id": "97", "object_repr": "CartItem object (97)", "action_flag": 3, "change_message": ""}}, {"model": "admin.logentry", "pk": 155, "fields": {"action_time": "2024-08-26T12:30:23.994Z", "user": 1, "content_type": 10, "object_id": "96", "object_repr": "CartItem object (96)", "action_flag": 3, "change_message": ""}}, {"model": "admin.logentry", "pk": 156, "fields": {"action_time": "2024-08-26T12:30:24.012Z", "user": 1, "content_type": 10, "object_id": "95", "object_repr": "CartItem object (95)", "action_flag": 3, "change_message": ""}}, {"model": "admin.logentry", "pk": 157, "fields": {"action_time": "2024-08-26T12:30:24.012Z", "user": 1, "content_type": 10, "object_id": "94", "object_repr": "CartItem object (94)", "action_flag": 3, "change_message": ""}}, {"model": "admin.logentry", "pk": 158, "fields": {"action_time": "2024-08-26T12:30:24.028Z", "user": 1, "content_type": 10, "object_id": "93", "object_repr": "CartItem object (93)", "action_flag": 3, "change_message": ""}}, {"model": "admin.logentry", "pk": 159, "fields": {"action_time": "2024-08-26T12:30:24.034Z", "user": 1, "content_type": 10, "object_id": "92", "object_repr": "CartItem object (92)", "action_flag": 3, "change_message": ""}}, {"model": "admin.logentry", "pk": 160, "fields": {"action_time": "2024-08-26T12:30:24.039Z", "user": 1, "content_type": 10, "object_id": "91", "object_repr": "CartItem object (91)", "action_flag": 3, "change_message": ""}}, {"model": "admin.logentry", "pk": 161, "fields": {"action_time": "2024-08-26T12:30:24.044Z", "user": 1, "content_type": 10, "object_id": "90", "object_repr": "CartItem object (90)", "action_flag": 3, "change_message": ""}}, {"model": "admin.logentry", "pk": 162, "fields": {"action_time": "2024-08-26T12:30:24.044Z", "user": 1, "content_type": 10, "object_id": "89", "object_repr": "CartItem object (89)", "action_flag": 3, "change_message": ""}}, {"model": "admin.logentry", "pk": 163, "fields": {"action_time": "2024-08-26T12:30:24.044Z", "user": 1, "content_type": 10, "object_id": "88", "object_repr": "CartItem object (88)", "action_flag": 3, "change_message": ""}}, {"model": "admin.logentry", "pk": 164, "fields": {"action_time": "2024-08-26T12:30:24.062Z", "user": 1, "content_type": 10, "object_id": "87", "object_repr": "CartItem object (87)", "action_flag": 3, "change_message": ""}}, {"model": "admin.logentry", "pk": 165, "fields": {"action_time": "2024-08-26T12:30:24.067Z", "user": 1, "content_type": 10, "object_id": "85", "object_repr": "CartItem object (85)", "action_flag": 3, "change_message": ""}}, {"model": "admin.logentry", "pk": 166, "fields": {"action_time": "2024-08-27T02:32:00.988Z", "user": 1, "content_type": 10, "object_id": "110", "object_repr": "CartItem object (110)", "action_flag": 3, "change_message": ""}}, {"model": "admin.logentry", "pk": 167, "fields": {"action_time": "2024-08-27T02:32:00.998Z", "user": 1, "content_type": 10, "object_id": "109", "object_repr": "CartItem object (109)", "action_flag": 3, "change_message": ""}}, {"model": "admin.logentry", "pk": 168, "fields": {"action_time": "2024-08-27T02:32:01.008Z", "user": 1, "content_type": 10, "object_id": "108", "object_repr": "CartItem object (108)", "action_flag": 3, "change_message": ""}}, {"model": "admin.logentry", "pk": 169, "fields": {"action_time": "2024-08-27T02:32:01.012Z", "user": 1, "content_type": 10, "object_id": "107", "object_repr": "CartItem object (107)", "action_flag": 3, "change_message": ""}}, {"model": "admin.logentry", "pk": 170, "fields": {"action_time": "2024-08-27T02:32:01.021Z", "user": 1, "content_type": 10, "object_id": "106", "object_repr": "CartItem object (106)", "action_flag": 3, "change_message": ""}}, {"model": "admin.logentry", "pk": 171, "fields": {"action_time": "2024-08-27T02:32:01.030Z", "user": 1, "content_type": 10, "object_id": "105", "object_repr": "CartItem object (105)", "action_flag": 3, "change_message": ""}}, {"model": "admin.logentry", "pk": 172, "fields": {"action_time": "2024-08-27T02:32:01.030Z", "user": 1, "content_type": 10, "object_id": "104", "object_repr": "CartItem object (104)", "action_flag": 3, "change_message": ""}}, {"model": "admin.logentry", "pk": 173, "fields": {"action_time": "2024-08-27T03:05:54.430Z", "user": 1, "content_type": 10, "object_id": "113", "object_repr": "CartItem object (113)", "action_flag": 3, "change_message": ""}}, {"model": "admin.logentry", "pk": 174, "fields": {"action_time": "2024-08-27T03:05:54.430Z", "user": 1, "content_type": 10, "object_id": "112", "object_repr": "CartItem object (112)", "action_flag": 3, "change_message": ""}}, {"model": "admin.logentry", "pk": 175, "fields": {"action_time": "2024-08-27T03:05:54.446Z", "user": 1, "content_type": 10, "object_id": "111", "object_repr": "CartItem object (111)", "action_flag": 3, "change_message": ""}}, {"model": "admin.logentry", "pk": 176, "fields": {"action_time": "2024-08-27T03:14:06.147Z", "user": 1, "content_type": 10, "object_id": "118", "object_repr": "CartItem object (118)", "action_flag": 3, "change_message": ""}}, {"model": "admin.logentry", "pk": 177, "fields": {"action_time": "2024-08-27T03:14:06.152Z", "user": 1, "content_type": 10, "object_id": "117", "object_repr": "CartItem object (117)", "action_flag": 3, "change_message": ""}}, {"model": "admin.logentry", "pk": 178, "fields": {"action_time": "2024-08-27T03:14:06.157Z", "user": 1, "content_type": 10, "object_id": "116", "object_repr": "CartItem object (116)", "action_flag": 3, "change_message": ""}}, {"model": "admin.logentry", "pk": 179, "fields": {"action_time": "2024-08-27T03:14:06.159Z", "user": 1, "content_type": 10, "object_id": "115", "object_repr": "CartItem object (115)", "action_flag": 3, "change_message": ""}}, {"model": "admin.logentry", "pk": 180, "fields": {"action_time": "2024-08-27T03:14:06.159Z", "user": 1, "content_type": 10, "object_id": "114", "object_repr": "CartItem object (114)", "action_flag": 3, "change_message": ""}}, {"model": "admin.logentry", "pk": 181, "fields": {"action_time": "2024-08-27T03:58:34.195Z", "user": 1, "content_type": 10, "object_id": "121", "object_repr": "CartItem object (121)", "action_flag": 3, "change_message": ""}}, {"model": "admin.logentry", "pk": 182, "fields": {"action_time": "2024-08-27T03:58:34.195Z", "user": 1, "content_type": 10, "object_id": "120", "object_repr": "CartItem object (120)", "action_flag": 3, "change_message": ""}}, {"model": "admin.logentry", "pk": 183, "fields": {"action_time": "2024-08-28T08:51:42.266Z", "user": 1, "content_type": 10, "object_id": "125", "object_repr": "CartItem object (125)", "action_flag": 3, "change_message": ""}}, {"model": "admin.logentry", "pk": 184, "fields": {"action_time": "2024-08-28T08:51:42.281Z", "user": 1, "content_type": 10, "object_id": "122", "object_repr": "CartItem object (122)", "action_flag": 3, "change_message": ""}}, {"model": "admin.logentry", "pk": 185, "fields": {"action_time": "2024-08-28T11:34:11.324Z", "user": 1, "content_type": 14, "object_id": "7", "object_repr": "Puja", "action_flag": 3, "change_message": ""}}, {"model": "admin.logentry", "pk": 186, "fields": {"action_time": "2024-08-28T11:34:11.330Z", "user": 1, "content_type": 14, "object_id": "6", "object_repr": "Puja", "action_flag": 3, "change_message": ""}}, {"model": "admin.logentry", "pk": 187, "fields": {"action_time": "2024-08-28T11:34:11.341Z", "user": 1, "content_type": 14, "object_id": "5", "object_repr": "Puja", "action_flag": 3, "change_message": ""}}, {"model": "admin.logentry", "pk": 188, "fields": {"action_time": "2024-08-28T11:34:11.358Z", "user": 1, "content_type": 14, "object_id": "4", "object_repr": "Puja", "action_flag": 3, "change_message": ""}}, {"model": "admin.logentry", "pk": 189, "fields": {"action_time": "2024-08-28T11:34:11.378Z", "user": 1, "content_type": 14, "object_id": "3", "object_repr": "Puja", "action_flag": 3, "change_message": ""}}, {"model": "admin.logentry", "pk": 190, "fields": {"action_time": "2024-08-28T11:34:11.425Z", "user": 1, "content_type": 14, "object_id": "2", "object_repr": "Puja", "action_flag": 3, "change_message": ""}}, {"model": "admin.logentry", "pk": 191, "fields": {"action_time": "2024-08-28T11:34:11.431Z", "user": 1, "content_type": 14, "object_id": "1", "object_repr": "Puja", "action_flag": 3, "change_message": ""}}, {"model": "admin.logentry", "pk": 192, "fields": {"action_time": "2024-08-29T16:46:11.799Z", "user": 1, "content_type": 6, "object_id": "7", "object_repr": "T-Shirts", "action_flag": 1, "change_message": "[{\"added\": {}}]"}}, {"model": "admin.logentry", "pk": 193, "fields": {"action_time": "2024-08-29T16:46:19.075Z", "user": 1, "content_type": 6, "object_id": "7", "object_repr": "T-Shirts", "action_flag": 2, "change_message": "[]"}}, {"model": "admin.logentry", "pk": 194, "fields": {"action_time": "2024-08-30T12:00:25.991Z", "user": 1, "content_type": 14, "object_id": "66", "object_repr": "HRIDA", "action_flag": 3, "change_message": ""}}, {"model": "admin.logentry", "pk": 195, "fields": {"action_time": "2024-08-30T12:00:26.000Z", "user": 1, "content_type": 14, "object_id": "65", "object_repr": "Puja", "action_flag": 3, "change_message": ""}}, {"model": "admin.logentry", "pk": 196, "fields": {"action_time": "2024-08-30T12:00:26.008Z", "user": 1, "content_type": 14, "object_id": "64", "object_repr": "Puja", "action_flag": 3, "change_message": ""}}, {"model": "admin.logentry", "pk": 197, "fields": {"action_time": "2024-08-30T12:00:26.008Z", "user": 1, "content_type": 14, "object_id": "63", "object_repr": "TPuja", "action_flag": 3, "change_message": ""}}, {"model": "admin.logentry", "pk": 198, "fields": {"action_time": "2024-08-30T12:00:26.042Z", "user": 1, "content_type": 14, "object_id": "62", "object_repr": "Puja", "action_flag": 3, "change_message": ""}}, {"model": "admin.logentry", "pk": 199, "fields": {"action_time": "2024-08-30T12:00:26.059Z", "user": 1, "content_type": 14, "object_id": "61", "object_repr": "Puja", "action_flag": 3, "change_message": ""}}, {"model": "admin.logentry", "pk": 200, "fields": {"action_time": "2024-08-30T12:00:26.075Z", "user": 1, "content_type": 14, "object_id": "60", "object_repr": "Puja", "action_flag": 3, "change_message": ""}}, {"model": "admin.logentry", "pk": 201, "fields": {"action_time": "2024-08-30T12:00:26.075Z", "user": 1, "content_type": 14, "object_id": "59", "object_repr": "Puja", "action_flag": 3, "change_message": ""}}, {"model": "admin.logentry", "pk": 202, "fields": {"action_time": "2024-08-30T12:00:26.096Z", "user": 1, "content_type": 14, "object_id": "58", "object_repr": "Puja", "action_flag": 3, "change_message": ""}}, {"model": "admin.logentry", "pk": 203, "fields": {"action_time": "2024-08-30T12:00:26.096Z", "user": 1, "content_type": 14, "object_id": "57", "object_repr": "Puja", "action_flag": 3, "change_message": ""}}, {"model": "admin.logentry", "pk": 204, "fields": {"action_time": "2024-08-30T12:00:26.112Z", "user": 1, "content_type": 14, "object_id": "56", "object_repr": "Puja", "action_flag": 3, "change_message": ""}}, {"model": "admin.logentry", "pk": 205, "fields": {"action_time": "2024-08-30T12:00:26.120Z", "user": 1, "content_type": 14, "object_id": "55", "object_repr": "Puja", "action_flag": 3, "change_message": ""}}, {"model": "admin.logentry", "pk": 206, "fields": {"action_time": "2024-08-30T12:00:26.136Z", "user": 1, "content_type": 14, "object_id": "54", "object_repr": "Puja", "action_flag": 3, "change_message": ""}}, {"model": "admin.logentry", "pk": 207, "fields": {"action_time": "2024-08-30T12:00:26.142Z", "user": 1, "content_type": 14, "object_id": "53", "object_repr": "Puja", "action_flag": 3, "change_message": ""}}, {"model": "admin.logentry", "pk": 208, "fields": {"action_time": "2024-08-30T12:00:26.152Z", "user": 1, "content_type": 14, "object_id": "52", "object_repr": "Puja", "action_flag": 3, "change_message": ""}}, {"model": "admin.logentry", "pk": 209, "fields": {"action_time": "2024-08-30T12:00:26.158Z", "user": 1, "content_type": 14, "object_id": "51", "object_repr": "Puja", "action_flag": 3, "change_message": ""}}, {"model": "admin.logentry", "pk": 210, "fields": {"action_time": "2024-08-30T12:00:26.168Z", "user": 1, "content_type": 14, "object_id": "50", "object_repr": "Puja", "action_flag": 3, "change_message": ""}}, {"model": "admin.logentry", "pk": 211, "fields": {"action_time": "2024-08-30T12:00:26.175Z", "user": 1, "content_type": 14, "object_id": "49", "object_repr": "Puja", "action_flag": 3, "change_message": ""}}, {"model": "admin.logentry", "pk": 212, "fields": {"action_time": "2024-08-30T12:00:26.183Z", "user": 1, "content_type": 14, "object_id": "48", "object_repr": "Puja", "action_flag": 3, "change_message": ""}}, {"model": "admin.logentry", "pk": 213, "fields": {"action_time": "2024-08-30T12:00:26.192Z", "user": 1, "content_type": 14, "object_id": "47", "object_repr": "Puja", "action_flag": 3, "change_message": ""}}, {"model": "admin.logentry", "pk": 214, "fields": {"action_time": "2024-08-30T12:00:38.664Z", "user": 1, "content_type": 14, "object_id": "46", "object_repr": "Puja", "action_flag": 3, "change_message": ""}}, {"model": "admin.logentry", "pk": 215, "fields": {"action_time": "2024-08-30T12:00:38.667Z", "user": 1, "content_type": 14, "object_id": "45", "object_repr": "Puja", "action_flag": 3, "change_message": ""}}, {"model": "admin.logentry", "pk": 216, "fields": {"action_time": "2024-08-30T12:00:38.675Z", "user": 1, "content_type": 14, "object_id": "44", "object_repr": "Puja", "action_flag": 3, "change_message": ""}}, {"model": "admin.logentry", "pk": 217, "fields": {"action_time": "2024-08-30T12:00:38.680Z", "user": 1, "content_type": 14, "object_id": "43", "object_repr": "Puja", "action_flag": 3, "change_message": ""}}, {"model": "admin.logentry", "pk": 218, "fields": {"action_time": "2024-08-30T12:00:38.680Z", "user": 1, "content_type": 14, "object_id": "42", "object_repr": "Puja", "action_flag": 3, "change_message": ""}}, {"model": "admin.logentry", "pk": 219, "fields": {"action_time": "2024-08-30T12:00:38.692Z", "user": 1, "content_type": 14, "object_id": "41", "object_repr": "Puja", "action_flag": 3, "change_message": ""}}, {"model": "admin.logentry", "pk": 220, "fields": {"action_time": "2024-08-30T12:00:38.692Z", "user": 1, "content_type": 14, "object_id": "40", "object_repr": "Puja", "action_flag": 3, "change_message": ""}}, {"model": "admin.logentry", "pk": 221, "fields": {"action_time": "2024-08-30T12:00:38.708Z", "user": 1, "content_type": 14, "object_id": "39", "object_repr": "Puja", "action_flag": 3, "change_message": ""}}, {"model": "admin.logentry", "pk": 222, "fields": {"action_time": "2024-08-30T12:00:38.708Z", "user": 1, "content_type": 14, "object_id": "38", "object_repr": "Puja", "action_flag": 3, "change_message": ""}}, {"model": "admin.logentry", "pk": 223, "fields": {"action_time": "2024-08-30T12:00:38.720Z", "user": 1, "content_type": 14, "object_id": "37", "object_repr": "Puja", "action_flag": 3, "change_message": ""}}, {"model": "admin.logentry", "pk": 224, "fields": {"action_time": "2024-08-30T12:00:38.725Z", "user": 1, "content_type": 14, "object_id": "36", "object_repr": "Puja", "action_flag": 3, "change_message": ""}}, {"model": "admin.logentry", "pk": 225, "fields": {"action_time": "2024-08-30T12:00:38.725Z", "user": 1, "content_type": 14, "object_id": "35", "object_repr": "Puja", "action_flag": 3, "change_message": ""}}, {"model": "admin.logentry", "pk": 226, "fields": {"action_time": "2024-08-30T12:00:38.736Z", "user": 1, "content_type": 14, "object_id": "34", "object_repr": "Puja", "action_flag": 3, "change_message": ""}}, {"model": "admin.logentry", "pk": 227, "fields": {"action_time": "2024-08-30T12:00:38.741Z", "user": 1, "content_type": 14, "object_id": "33", "object_repr": "Puja", "action_flag": 3, "change_message": ""}}, {"model": "admin.logentry", "pk": 228, "fields": {"action_time": "2024-08-30T12:00:38.741Z", "user": 1, "content_type": 14, "object_id": "32", "object_repr": "Puja", "action_flag": 3, "change_message": ""}}, {"model": "admin.logentry", "pk": 229, "fields": {"action_time": "2024-08-30T12:00:38.757Z", "user": 1, "content_type": 14, "object_id": "31", "object_repr": "ridah", "action_flag": 3, "change_message": ""}}, {"model": "admin.logentry", "pk": 230, "fields": {"action_time": "2024-08-30T12:00:38.760Z", "user": 1, "content_type": 14, "object_id": "30", "object_repr": "ridah", "action_flag": 3, "change_message": ""}}, {"model": "admin.logentry", "pk": 231, "fields": {"action_time": "2024-08-30T12:00:38.768Z", "user": 1, "content_type": 14, "object_id": "29", "object_repr": "ridah", "action_flag": 3, "change_message": ""}}, {"model": "admin.logentry", "pk": 232, "fields": {"action_time": "2024-08-30T12:00:38.774Z", "user": 1, "content_type": 14, "object_id": "28", "object_repr": "ridah", "action_flag": 3, "change_message": ""}}, {"model": "admin.logentry", "pk": 233, "fields": {"action_time": "2024-08-30T12:00:38.774Z", "user": 1, "content_type": 14, "object_id": "27", "object_repr": "ridah", "action_flag": 3, "change_message": ""}}, {"model": "admin.logentry", "pk": 234, "fields": {"action_time": "2024-08-30T12:00:50.107Z", "user": 1, "content_type": 14, "object_id": "26", "object_repr": "ridah", "action_flag": 3, "change_message": ""}}, {"model": "admin.logentry", "pk": 235, "fields": {"action_time": "2024-08-30T12:00:50.120Z", "user": 1, "content_type": 14, "object_id": "25", "object_repr": "ridah", "action_flag": 3, "change_message": ""}}, {"model": "admin.logentry", "pk": 236, "fields": {"action_time": "2024-08-30T12:00:50.124Z", "user": 1, "content_type": 14, "object_id": "24", "object_repr": "ridah", "action_flag": 3, "change_message": ""}}, {"model": "admin.logentry", "pk": 237, "fields": {"action_time": "2024-08-30T12:00:50.124Z", "user": 1, "content_type": 14, "object_id": "23", "object_repr": "ridah", "action_flag": 3, "change_message": ""}}, {"model": "admin.logentry", "pk": 238, "fields": {"action_time": "2024-08-30T12:00:50.136Z", "user": 1, "content_type": 14, "object_id": "22", "object_repr": "ridah", "action_flag": 3, "change_message": ""}}, {"model": "admin.logentry", "pk": 239, "fields": {"action_time": "2024-08-30T12:00:50.140Z", "user": 1, "content_type": 14, "object_id": "21", "object_repr": "ridah", "action_flag": 3, "change_message": ""}}, {"model": "admin.logentry", "pk": 240, "fields": {"action_time": "2024-08-30T12:00:50.140Z", "user": 1, "content_type": 14, "object_id": "20", "object_repr": "ridah", "action_flag": 3, "change_message": ""}}, {"model": "admin.logentry", "pk": 241, "fields": {"action_time": "2024-08-30T12:00:50.151Z", "user": 1, "content_type": 14, "object_id": "19", "object_repr": "ridah", "action_flag": 3, "change_message": ""}}, {"model": "admin.logentry", "pk": 242, "fields": {"action_time": "2024-08-30T12:00:50.157Z", "user": 1, "content_type": 14, "object_id": "18", "object_repr": "Puja", "action_flag": 3, "change_message": ""}}, {"model": "admin.logentry", "pk": 243, "fields": {"action_time": "2024-08-30T12:00:50.167Z", "user": 1, "content_type": 14, "object_id": "17", "object_repr": "Puja", "action_flag": 3, "change_message": ""}}, {"model": "admin.logentry", "pk": 244, "fields": {"action_time": "2024-08-30T12:00:50.173Z", "user": 1, "content_type": 14, "object_id": "16", "object_repr": "Puja", "action_flag": 3, "change_message": ""}}, {"model": "admin.logentry", "pk": 245, "fields": {"action_time": "2024-08-30T12:00:50.176Z", "user": 1, "content_type": 14, "object_id": "15", "object_repr": "Puja", "action_flag": 3, "change_message": ""}}, {"model": "admin.logentry", "pk": 246, "fields": {"action_time": "2024-08-30T12:00:50.176Z", "user": 1, "content_type": 14, "object_id": "14", "object_repr": "Puja", "action_flag": 3, "change_message": ""}}, {"model": "admin.logentry", "pk": 247, "fields": {"action_time": "2024-08-30T12:00:50.184Z", "user": 1, "content_type": 14, "object_id": "13", "object_repr": "Puja", "action_flag": 3, "change_message": ""}}, {"model": "admin.logentry", "pk": 248, "fields": {"action_time": "2024-08-30T12:00:50.191Z", "user": 1, "content_type": 14, "object_id": "12", "object_repr": "Puja", "action_flag": 3, "change_message": ""}}, {"model": "admin.logentry", "pk": 249, "fields": {"action_time": "2024-08-30T12:00:50.200Z", "user": 1, "content_type": 14, "object_id": "11", "object_repr": "Puja", "action_flag": 3, "change_message": ""}}, {"model": "admin.logentry", "pk": 250, "fields": {"action_time": "2024-08-30T12:00:50.207Z", "user": 1, "content_type": 14, "object_id": "10", "object_repr": "Puja", "action_flag": 3, "change_message": ""}}, {"model": "admin.logentry", "pk": 251, "fields": {"action_time": "2024-08-30T12:00:50.207Z", "user": 1, "content_type": 14, "object_id": "9", "object_repr": "Puja", "action_flag": 3, "change_message": ""}}, {"model": "admin.logentry", "pk": 252, "fields": {"action_time": "2024-08-30T12:00:50.215Z", "user": 1, "content_type": 14, "object_id": "8", "object_repr": "Puja", "action_flag": 3, "change_message": ""}}, {"model": "admin.logentry", "pk": 253, "fields": {"action_time": "2024-09-01T10:04:29.462Z", "user": 1, "content_type": 8, "object_id": "8", "object_repr": "Polo", "action_flag": 2, "change_message": "[{\"changed\": {\"fields\": [\"Stock\"]}}]"}}, {"model": "admin.logentry", "pk": 254, "fields": {"action_time": "2024-09-02T09:45:38.083Z", "user": 1, "content_type": 15, "object_id": "2", "object_repr": "test", "action_flag": 3, "change_message": ""}}, {"model": "admin.logentry", "pk": 255, "fields": {"action_time": "2024-09-02T09:45:38.083Z", "user": 1, "content_type": 15, "object_id": "1", "object_repr": "TEST", "action_flag": 3, "change_message": ""}}, {"model": "admin.logentry", "pk": 256, "fields": {"action_time": "2024-09-02T09:45:59.849Z", "user": 1, "content_type": 14, "object_id": "81", "object_repr": "Puja", "action_flag": 3, "change_message": ""}}, {"model": "admin.logentry", "pk": 257, "fields": {"action_time": "2024-09-02T09:45:59.864Z", "user": 1, "content_type": 14, "object_id": "80", "object_repr": "Puja", "action_flag": 3, "change_message": ""}}, {"model": "admin.logentry", "pk": 258, "fields": {"action_time": "2024-09-02T09:45:59.872Z", "user": 1, "content_type": 14, "object_id": "79", "object_repr": "Puja", "action_flag": 3, "change_message": ""}}, {"model": "admin.logentry", "pk": 259, "fields": {"action_time": "2024-09-02T09:45:59.888Z", "user": 1, "content_type": 14, "object_id": "78", "object_repr": "Puja", "action_flag": 3, "change_message": ""}}, {"model": "admin.logentry", "pk": 260, "fields": {"action_time": "2024-09-02T09:45:59.916Z", "user": 1, "content_type": 14, "object_id": "77", "object_repr": "Puja", "action_flag": 3, "change_message": ""}}, {"model": "admin.logentry", "pk": 261, "fields": {"action_time": "2024-09-02T09:45:59.932Z", "user": 1, "content_type": 14, "object_id": "76", "object_repr": "Puja", "action_flag": 3, "change_message": ""}}, {"model": "admin.logentry", "pk": 262, "fields": {"action_time": "2024-09-02T09:45:59.954Z", "user": 1, "content_type": 14, "object_id": "75", "object_repr": "Puja", "action_flag": 3, "change_message": ""}}, {"model": "admin.logentry", "pk": 263, "fields": {"action_time": "2024-09-02T09:45:59.968Z", "user": 1, "content_type": 14, "object_id": "74", "object_repr": "Puja", "action_flag": 3, "change_message": ""}}, {"model": "admin.logentry", "pk": 264, "fields": {"action_time": "2024-09-02T09:45:59.974Z", "user": 1, "content_type": 14, "object_id": "73", "object_repr": "Puja", "action_flag": 3, "change_message": ""}}, {"model": "admin.logentry", "pk": 265, "fields": {"action_time": "2024-09-02T09:45:59.980Z", "user": 1, "content_type": 14, "object_id": "72", "object_repr": "kuja", "action_flag": 3, "change_message": ""}}, {"model": "admin.logentry", "pk": 266, "fields": {"action_time": "2024-09-02T09:45:59.989Z", "user": 1, "content_type": 14, "object_id": "71", "object_repr": "Puja", "action_flag": 3, "change_message": ""}}, {"model": "admin.logentry", "pk": 267, "fields": {"action_time": "2024-09-02T09:46:00.002Z", "user": 1, "content_type": 14, "object_id": "70", "object_repr": "Puja", "action_flag": 3, "change_message": ""}}, {"model": "admin.logentry", "pk": 268, "fields": {"action_time": "2024-09-02T09:46:00.012Z", "user": 1, "content_type": 14, "object_id": "69", "object_repr": "Puja", "action_flag": 3, "change_message": ""}}, {"model": "admin.logentry", "pk": 269, "fields": {"action_time": "2024-09-02T09:46:00.040Z", "user": 1, "content_type": 14, "object_id": "68", "object_repr": "Pujaa", "action_flag": 3, "change_message": ""}}, {"model": "admin.logentry", "pk": 270, "fields": {"action_time": "2024-09-02T09:46:00.089Z", "user": 1, "content_type": 14, "object_id": "67", "object_repr": "Pujaa", "action_flag": 3, "change_message": ""}}, {"model": "admin.logentry", "pk": 271, "fields": {"action_time": "2024-09-02T10:04:28.433Z", "user": 1, "content_type": 15, "object_id": "4", "object_repr": "test2", "action_flag": 1, "change_message": "[{\"added\": {}}]"}}, {"model": "admin.logentry", "pk": 272, "fields": {"action_time": "2024-09-02T10:23:37.779Z", "user": 1, "content_type": 15, "object_id": "4", "object_repr": "test2", "action_flag": 3, "change_message": ""}}, {"model": "admin.logentry", "pk": 273, "fields": {"action_time": "2024-09-02T10:23:37.791Z", "user": 1, "content_type": 15, "object_id": "3", "object_repr": "About", "action_flag": 3, "change_message": ""}}, {"model": "admin.logentry", "pk": 274, "fields": {"action_time": "2024-09-02T10:23:52.514Z", "user": 1, "content_type": 14, "object_id": "82", "object_repr": "Puja", "action_flag": 3, "change_message": ""}}, {"model": "admin.logentry", "pk": 275, "fields": {"action_time": "2024-09-02T10:24:05.413Z", "user": 1, "content_type": 9, "object_id": "67", "object_repr": "nkc55c7em4pooysbcuuofstw02zoeb8l", "action_flag": 3, "change_message": ""}}, {"model": "admin.logentry", "pk": 276, "fields": {"action_time": "2024-09-02T10:24:05.430Z", "user": 1, "content_type": 9, "object_id": "66", "object_repr": "g02t1365cek4e9lnl7kbj2z6fm9ptbn0", "action_flag": 3, "change_message": ""}}, {"model": "admin.logentry", "pk": 277, "fields": {"action_time": "2024-09-02T10:24:05.432Z", "user": 1, "content_type": 9, "object_id": "65", "object_repr": "hx700eubnzvs0wz51zm2husbzrrpa0m2", "action_flag": 3, "change_message": ""}}, {"model": "admin.logentry", "pk": 278, "fields": {"action_time": "2024-09-02T10:24:05.456Z", "user": 1, "content_type": 9, "object_id": "64", "object_repr": "wlspweifq87y0ap3rf45fjpolejq94mr", "action_flag": 3, "change_message": ""}}, {"model": "admin.logentry", "pk": 279, "fields": {"action_time": "2024-09-02T10:24:05.464Z", "user": 1, "content_type": 9, "object_id": "63", "object_repr": "cfuzh03ft0w3gz3eyyes0ne2n3tv9agl", "action_flag": 3, "change_message": ""}}, {"model": "admin.logentry", "pk": 280, "fields": {"action_time": "2024-09-02T10:24:05.496Z", "user": 1, "content_type": 9, "object_id": "62", "object_repr": "svw5c423anofpkuyc1w3h3f4torwbndd", "action_flag": 3, "change_message": ""}}, {"model": "admin.logentry", "pk": 281, "fields": {"action_time": "2024-09-02T10:24:05.504Z", "user": 1, "content_type": 9, "object_id": "61", "object_repr": "fqrte1vkwwttfx7z79bt4gvf7i8h95py", "action_flag": 3, "change_message": ""}}, {"model": "admin.logentry", "pk": 282, "fields": {"action_time": "2024-09-02T10:24:05.513Z", "user": 1, "content_type": 9, "object_id": "60", "object_repr": "b9tlef4ide5m43o10utybex1bx8ur34w", "action_flag": 3, "change_message": ""}}, {"model": "admin.logentry", "pk": 283, "fields": {"action_time": "2024-09-02T10:24:05.564Z", "user": 1, "content_type": 9, "object_id": "59", "object_repr": "dzdboa34dbgrkk75z0jncjxxys2ae101", "action_flag": 3, "change_message": ""}}, {"model": "admin.logentry", "pk": 284, "fields": {"action_time": "2024-09-02T10:24:05.580Z", "user": 1, "content_type": 9, "object_id": "58", "object_repr": "pzt1lh588ag603a54jrizrpxh3x0w96i", "action_flag": 3, "change_message": ""}}, {"model": "admin.logentry", "pk": 285, "fields": {"action_time": "2024-09-02T10:24:05.580Z", "user": 1, "content_type": 9, "object_id": "57", "object_repr": "qfdm0grudxk2qcdk1v6b9zdr939jrge4", "action_flag": 3, "change_message": ""}}, {"model": "admin.logentry", "pk": 286, "fields": {"action_time": "2024-09-02T10:24:05.599Z", "user": 1, "content_type": 9, "object_id": "56", "object_repr": "j9y1x6fbodmjjzb2r4x0pdzqhbis4mbp", "action_flag": 3, "change_message": ""}}, {"model": "admin.logentry", "pk": 287, "fields": {"action_time": "2024-09-02T10:24:05.608Z", "user": 1, "content_type": 9, "object_id": "55", "object_repr": "xl1hse2i3uqsebbr6iekwk7of3k623hs", "action_flag": 3, "change_message": ""}}, {"model": "admin.logentry", "pk": 288, "fields": {"action_time": "2024-09-02T10:24:05.624Z", "user": 1, "content_type": 9, "object_id": "54", "object_repr": "y69l3mlunamorl3tx0bawrmu9sh1l7b5", "action_flag": 3, "change_message": ""}}, {"model": "admin.logentry", "pk": 289, "fields": {"action_time": "2024-09-02T10:24:05.632Z", "user": 1, "content_type": 9, "object_id": "53", "object_repr": "ictsr01ymz4ha6q362i30sdb2cxmh4zk", "action_flag": 3, "change_message": ""}}, {"model": "admin.logentry", "pk": 290, "fields": {"action_time": "2024-09-02T10:24:05.644Z", "user": 1, "content_type": 9, "object_id": "52", "object_repr": "v01oam1r4n890w9rl3lrfprbis20nb1h", "action_flag": 3, "change_message": ""}}, {"model": "admin.logentry", "pk": 291, "fields": {"action_time": "2024-09-02T10:24:05.656Z", "user": 1, "content_type": 9, "object_id": "51", "object_repr": "7plyiktr15vcnu0td8omfgcvqekf3tr3", "action_flag": 3, "change_message": ""}}, {"model": "admin.logentry", "pk": 292, "fields": {"action_time": "2024-09-02T10:24:05.665Z", "user": 1, "content_type": 9, "object_id": "50", "object_repr": "fzno5hukg6agw0ueoc8rphy66bu3q4x1", "action_flag": 3, "change_message": ""}}, {"model": "admin.logentry", "pk": 293, "fields": {"action_time": "2024-09-02T10:24:05.680Z", "user": 1, "content_type": 9, "object_id": "49", "object_repr": "z5c54nnscs463lyj8mk5b60vrj9gpgm8", "action_flag": 3, "change_message": ""}}, {"model": "admin.logentry", "pk": 294, "fields": {"action_time": "2024-09-02T10:24:05.688Z", "user": 1, "content_type": 9, "object_id": "48", "object_repr": "456rq72n9ctew0tibfe500qveqm6ekyp", "action_flag": 3, "change_message": ""}}, {"model": "admin.logentry", "pk": 295, "fields": {"action_time": "2024-09-02T10:24:05.697Z", "user": 1, "content_type": 9, "object_id": "47", "object_repr": "e8d67589xd4s6feyeqvjtp8a34eut4jw", "action_flag": 3, "change_message": ""}}, {"model": "admin.logentry", "pk": 296, "fields": {"action_time": "2024-09-02T10:24:05.705Z", "user": 1, "content_type": 9, "object_id": "46", "object_repr": "9edcfdrnl8mp6fgng4pzquy89niq5zm0", "action_flag": 3, "change_message": ""}}, {"model": "admin.logentry", "pk": 297, "fields": {"action_time": "2024-09-02T10:24:05.713Z", "user": 1, "content_type": 9, "object_id": "45", "object_repr": "m858eytoa99anmejm06unlxx2sdv4b1u", "action_flag": 3, "change_message": ""}}, {"model": "admin.logentry", "pk": 298, "fields": {"action_time": "2024-09-02T10:24:05.727Z", "user": 1, "content_type": 9, "object_id": "44", "object_repr": "fgzgafef0066fuckuic8ot91cz8g5e1s", "action_flag": 3, "change_message": ""}}, {"model": "admin.logentry", "pk": 299, "fields": {"action_time": "2024-09-02T10:24:05.747Z", "user": 1, "content_type": 9, "object_id": "43", "object_repr": "g6cjzmx4jtntuw4z2zmltdbqjodwy8vc", "action_flag": 3, "change_message": ""}}, {"model": "admin.logentry", "pk": 300, "fields": {"action_time": "2024-09-02T10:24:05.761Z", "user": 1, "content_type": 9, "object_id": "42", "object_repr": "pl1m2elnopyd8ax82f7mb0ehbwm2zkzd", "action_flag": 3, "change_message": ""}}, {"model": "admin.logentry", "pk": 301, "fields": {"action_time": "2024-09-02T10:24:05.769Z", "user": 1, "content_type": 9, "object_id": "41", "object_repr": "6suqsljc9ww2plv8ap7zqfbpyp9yjo0s", "action_flag": 3, "change_message": ""}}, {"model": "admin.logentry", "pk": 302, "fields": {"action_time": "2024-09-02T10:24:05.778Z", "user": 1, "content_type": 9, "object_id": "40", "object_repr": "ny7i5j0kfwfsgkpa1x4kzqcv9vqfqji4", "action_flag": 3, "change_message": ""}}, {"model": "admin.logentry", "pk": 303, "fields": {"action_time": "2024-09-02T10:24:05.785Z", "user": 1, "content_type": 9, "object_id": "39", "object_repr": "r99zjm8uctz3d9e8f5zmyjwd1oxrt4oc", "action_flag": 3, "change_message": ""}}, {"model": "admin.logentry", "pk": 304, "fields": {"action_time": "2024-09-02T10:24:05.794Z", "user": 1, "content_type": 9, "object_id": "38", "object_repr": "xwnkwi0xcngugisawjo5av9py29d5etz", "action_flag": 3, "change_message": ""}}, {"model": "admin.logentry", "pk": 305, "fields": {"action_time": "2024-09-02T10:24:05.811Z", "user": 1, "content_type": 9, "object_id": "37", "object_repr": "7r9sx3woyg6xu20q7jwgxoukd739t7rg", "action_flag": 3, "change_message": ""}}, {"model": "admin.logentry", "pk": 306, "fields": {"action_time": "2024-09-02T10:24:05.828Z", "user": 1, "content_type": 9, "object_id": "36", "object_repr": "wsdi53rxvqxssa45nqe2cx9gdp60gcq1", "action_flag": 3, "change_message": ""}}, {"model": "admin.logentry", "pk": 307, "fields": {"action_time": "2024-09-02T10:24:05.862Z", "user": 1, "content_type": 9, "object_id": "35", "object_repr": "yu1fnjh7noflyfa8trshrqhnnkwc9jr5", "action_flag": 3, "change_message": ""}}, {"model": "admin.logentry", "pk": 308, "fields": {"action_time": "2024-09-02T10:24:05.877Z", "user": 1, "content_type": 9, "object_id": "34", "object_repr": "qjh2nd7otfi6ai9ogfrj9xyr7lbryb42", "action_flag": 3, "change_message": ""}}, {"model": "admin.logentry", "pk": 309, "fields": {"action_time": "2024-09-02T10:24:05.890Z", "user": 1, "content_type": 9, "object_id": "33", "object_repr": "o7gu3riy3crid200oojz1bxag666p2rz", "action_flag": 3, "change_message": ""}}, {"model": "admin.logentry", "pk": 310, "fields": {"action_time": "2024-09-02T10:24:05.901Z", "user": 1, "content_type": 9, "object_id": "32", "object_repr": "3dzb4ctqsjd8ivy3xdcmqc1a873qmbeo", "action_flag": 3, "change_message": ""}}, {"model": "admin.logentry", "pk": 311, "fields": {"action_time": "2024-09-02T10:24:05.909Z", "user": 1, "content_type": 9, "object_id": "31", "object_repr": "dm5suflpk7vcf2aluj87k46qir84vpqz", "action_flag": 3, "change_message": ""}}, {"model": "admin.logentry", "pk": 312, "fields": {"action_time": "2024-09-02T10:24:05.927Z", "user": 1, "content_type": 9, "object_id": "30", "object_repr": "k4968chbjbdxk4yg3w3hgx1ggya7tpoe", "action_flag": 3, "change_message": ""}}, {"model": "admin.logentry", "pk": 313, "fields": {"action_time": "2024-09-02T10:24:05.942Z", "user": 1, "content_type": 9, "object_id": "29", "object_repr": "kfkb8pvj1fmkxxt0z4q10xncug93l7vw", "action_flag": 3, "change_message": ""}}, {"model": "admin.logentry", "pk": 314, "fields": {"action_time": "2024-09-02T10:24:05.959Z", "user": 1, "content_type": 9, "object_id": "28", "object_repr": "jap8d2vjrv8oqrh2aj7ewnbdev91ci74", "action_flag": 3, "change_message": ""}}, {"model": "admin.logentry", "pk": 315, "fields": {"action_time": "2024-09-02T10:24:05.970Z", "user": 1, "content_type": 9, "object_id": "26", "object_repr": "ih0s4wrw97rfqfohqw57t8o813xpq1bo", "action_flag": 3, "change_message": ""}}, {"model": "admin.logentry", "pk": 316, "fields": {"action_time": "2024-09-02T10:24:05.986Z", "user": 1, "content_type": 9, "object_id": "24", "object_repr": "1otnpi2fmlgfnuc2wu52j3pn5eju64dw", "action_flag": 3, "change_message": ""}}, {"model": "admin.logentry", "pk": 317, "fields": {"action_time": "2024-09-02T10:24:05.996Z", "user": 1, "content_type": 9, "object_id": "23", "object_repr": "ayl73v885z84ldykgzd90dzjao2nxw2h", "action_flag": 3, "change_message": ""}}, {"model": "admin.logentry", "pk": 318, "fields": {"action_time": "2024-09-02T10:24:06.011Z", "user": 1, "content_type": 9, "object_id": "22", "object_repr": "djxeilxh7va7sb3k3cdgkcaldetr25kf", "action_flag": 3, "change_message": ""}}, {"model": "admin.logentry", "pk": 319, "fields": {"action_time": "2024-09-02T10:24:06.019Z", "user": 1, "content_type": 9, "object_id": "21", "object_repr": "6pi4dfigirzytdy8p3ed9qvd9wiqoptd", "action_flag": 3, "change_message": ""}}, {"model": "admin.logentry", "pk": 320, "fields": {"action_time": "2024-09-02T10:24:06.027Z", "user": 1, "content_type": 9, "object_id": "20", "object_repr": "ger8lrp8xlxaycwkerc46j2d02p65n2o", "action_flag": 3, "change_message": ""}}, {"model": "admin.logentry", "pk": 321, "fields": {"action_time": "2024-09-02T14:41:20.546Z", "user": 1, "content_type": 15, "object_id": "5", "object_repr": "test", "action_flag": 3, "change_message": ""}}, {"model": "admin.logentry", "pk": 322, "fields": {"action_time": "2024-09-02T14:59:58.941Z", "user": 1, "content_type": 15, "object_id": "7", "object_repr": "zippers", "action_flag": 2, "change_message": "[{\"changed\": {\"fields\": [\"Rating\"]}}]"}}, {"model": "admin.logentry", "pk": 323, "fields": {"action_time": "2024-09-02T15:00:36.850Z", "user": 1, "content_type": 15, "object_id": "7", "object_repr": "zippers", "action_flag": 2, "change_message": "[{\"changed\": {\"fields\": [\"Rating\"]}}]"}}, {"model": "admin.logentry", "pk": 324, "fields": {"action_time": "2024-09-02T15:01:57.569Z", "user": 1, "content_type": 15, "object_id": "7", "object_repr": "zippers", "action_flag": 2, "change_message": "[{\"changed\": {\"fields\": [\"Rating\"]}}]"}}, {"model": "admin.logentry", "pk": 325, "fields": {"action_time": "2024-09-03T12:06:17.499Z", "user": 1, "content_type": 7, "object_id": "1", "object_repr": "ridaya350@gmail.com", "action_flag": 2, "change_message": "[{\"changed\": {\"fields\": [\"First name\"]}}]"}}, {"model": "admin.logentry", "pk": 326, "fields": {"action_time": "2024-09-03T12:06:23.610Z", "user": 1, "content_type": 7, "object_id": "51", "object_repr": "pjashrestha099@gmail.com", "action_flag": 2, "change_message": "[]"}}, {"model": "admin.logentry", "pk": 327, "fields": {"action_time": "2024-09-05T02:21:13.948Z", "user": 1, "content_type": 8, "object_id": "13", "object_repr": "Printed T shirt", "action_flag": 1, "change_message": "[{\"added\": {}}]"}}, {"model": "admin.logentry", "pk": 328, "fields": {"action_time": "2024-09-05T02:24:24.907Z", "user": 1, "content_type": 8, "object_id": "13", "object_repr": "Printed T shirt", "action_flag": 2, "change_message": "[{\"changed\": {\"fields\": [\"Images\"]}}]"}}, {"model": "admin.logentry", "pk": 329, "fields": {"action_time": "2024-09-05T02:27:32.015Z", "user": 1, "content_type": 11, "object_id": "6", "object_repr": "Black", "action_flag": 1, "change_message": "[{\"added\": {}}]"}}, {"model": "admin.logentry", "pk": 330, "fields": {"action_time": "2024-09-05T02:27:47.976Z", "user": 1, "content_type": 11, "object_id": "7", "object_repr": "Small", "action_flag": 1, "change_message": "[{\"added\": {}}]"}}, {"model": "admin.logentry", "pk": 331, "fields": {"action_time": "2024-09-19T06:36:38.046Z", "user": 1, "content_type": 8, "object_id": "8", "object_repr": "Polo", "action_flag": 2, "change_message": "[{\"added\": {\"name\": \"productgallery\", \"object\": \"Polo\"}}]"}}, {"model": "admin.logentry", "pk": 332, "fields": {"action_time": "2024-09-19T06:47:59.323Z", "user": 1, "content_type": 8, "object_id": "8", "object_repr": "Polo", "action_flag": 2, "change_message": "[{\"added\": {\"name\": \"productgallery\", \"object\": \"Polo\"}}]"}}, {"model": "admin.logentry", "pk": 333, "fields": {"action_time": "2024-09-19T15:26:49.686Z", "user": 1, "content_type": 7, "object_id": "51", "object_repr": "pjashrestha099@gmail.com", "action_flag": 3, "change_message": ""}}, {"model": "admin.logentry", "pk": 334, "fields": {"action_time": "2024-09-19T15:26:49.691Z", "user": 1, "content_type": 7, "object_id": "52", "object_repr": "a@gmail.com", "action_flag": 3, "change_message": ""}}, {"model": "admin.logentry", "pk": 335, "fields": {"action_time": "2024-09-19T15:26:49.691Z", "user": 1, "content_type": 7, "object_id": "53", "object_repr": "motuu@gmaill.com", "action_flag": 3, "change_message": ""}}, {"model": "admin.logentry", "pk": 336, "fields": {"action_time": "2024-09-19T15:26:49.706Z", "user": 1, "content_type": 7, "object_id": "54", "object_repr": "sthabkrm3@gmail.com", "action_flag": 3, "change_message": ""}}, {"model": "admin.logentry", "pk": 337, "fields": {"action_time": "2024-09-19T15:26:49.711Z", "user": 1, "content_type": 7, "object_id": "55", "object_repr": "sthaprem@gmail.com", "action_flag": 3, "change_message": ""}}, {"model": "admin.logentry", "pk": 338, "fields": {"action_time": "2024-09-19T15:29:24.755Z", "user": 1, "content_type": 7, "object_id": "56", "object_repr": "pjashrestha099@gmail.com", "action_flag": 3, "change_message": ""}}, {"model": "admin.logentry", "pk": 339, "fields": {"action_time": "2024-09-19T15:40:30.431Z", "user": 1, "content_type": 7, "object_id": "57", "object_repr": "pjashrestha099@gmail.com", "action_flag": 2, "change_message": "[]"}}, {"model": "admin.logentry", "pk": 340, "fields": {"action_time": "2024-11-08T13:54:15.353Z", "user": 1, "content_type": 6, "object_id": "5", "object_repr": "Hemp Side Bag", "action_flag": 2, "change_message": "[{\"changed\": {\"fields\": [\"Category name\"]}}]"}}, {"model": "admin.logentry", "pk": 341, "fields": {"action_time": "2024-11-08T13:54:40.652Z", "user": 1, "content_type": 6, "object_id": "5", "object_repr": "Hemp Side Bag", "action_flag": 2, "change_message": "[]"}}, {"model": "admin.logentry", "pk": 342, "fields": {"action_time": "2024-11-08T14:01:38.865Z", "user": 1, "content_type": 8, "object_id": "5", "object_repr": "Modern Side Bag", "action_flag": 2, "change_message": "[{\"changed\": {\"fields\": [\"Product name\"]}}]"}}, {"model": "admin.logentry", "pk": 343, "fields": {"action_time": "2024-11-08T14:05:14.501Z", "user": 1, "content_type": 11, "object_id": "8", "object_repr": "Green", "action_flag": 1, "change_message": "[{\"added\": {}}]"}}, {"model": "admin.logentry", "pk": 344, "fields": {"action_time": "2024-11-08T14:05:33.577Z", "user": 1, "content_type": 11, "object_id": "9", "object_repr": "Red", "action_flag": 1, "change_message": "[{\"added\": {}}]"}}, {"model": "admin.logentry", "pk": 345, "fields": {"action_time": "2024-11-08T14:06:00.389Z", "user": 1, "content_type": 11, "object_id": "10", "object_repr": "Large", "action_flag": 1, "change_message": "[{\"added\": {}}]"}}, {"model": "admin.logentry", "pk": 346, "fields": {"action_time": "2024-11-08T14:06:13.288Z", "user": 1, "content_type": 11, "object_id": "11", "object_repr": "Small", "action_flag": 1, "change_message": "[{\"added\": {}}]"}}, {"model": "admin.logentry", "pk": 347, "fields": {"action_time": "2024-11-10T06:18:34.245Z", "user": 1, "content_type": 8, "object_id": "6", "object_repr": "Hemp Bagpack", "action_flag": 2, "change_message": "[{\"changed\": {\"fields\": [\"Product name\", \"Description\", \"Price\", \"Stock\"]}}]"}}, {"model": "admin.logentry", "pk": 348, "fields": {"action_time": "2024-11-10T06:20:31.758Z", "user": 1, "content_type": 6, "object_id": "8", "object_repr": "Sunglasses", "action_flag": 1, "change_message": "[{\"added\": {}}]"}}, {"model": "admin.logentry", "pk": 349, "fields": {"action_time": "2024-11-10T06:26:10.277Z", "user": 1, "content_type": 8, "object_id": "14", "object_repr": "Sun Glass", "action_flag": 1, "change_message": "[{\"added\": {}}]"}}, {"model": "admin.logentry", "pk": 350, "fields": {"action_time": "2024-11-10T06:27:46.027Z", "user": 1, "content_type": 8, "object_id": "15", "object_repr": "Converse Chuck", "action_flag": 1, "change_message": "[{\"added\": {}}]"}}, {"model": "admin.logentry", "pk": 351, "fields": {"action_time": "2024-11-13T08:42:42.006Z", "user": 1, "content_type": 6, "object_id": "9", "object_repr": "Hoodies", "action_flag": 1, "change_message": "[{\"added\": {}}]"}}, {"model": "admin.logentry", "pk": 352, "fields": {"action_time": "2024-11-13T08:43:25.254Z", "user": 1, "content_type": 8, "object_id": "16", "object_repr": "Black Hoodie", "action_flag": 1, "change_message": "[{\"added\": {}}]"}}, {"model": "admin.logentry", "pk": 353, "fields": {"action_time": "2024-11-13T08:44:22.562Z", "user": 1, "content_type": 8, "object_id": "17", "object_repr": "Purple hoodie", "action_flag": 1, "change_message": "[{\"added\": {}}]"}}, {"model": "admin.logentry", "pk": 354, "fields": {"action_time": "2024-11-13T08:46:49.886Z", "user": 1, "content_type": 8, "object_id": "18", "object_repr": "Reebok", "action_flag": 1, "change_message": "[{\"added\": {}}]"}}, {"model": "admin.logentry", "pk": 355, "fields": {"action_time": "2024-11-13T08:48:58.242Z", "user": 1, "content_type": 8, "object_id": "19", "object_repr": "Space Jam", "action_flag": 1, "change_message": "[{\"added\": {}}]"}}, {"model": "admin.logentry", "pk": 356, "fields": {"action_time": "2024-11-13T08:51:00.726Z", "user": 1, "content_type": 8, "object_id": "20", "object_repr": "Orange bull", "action_flag": 1, "change_message": "[{\"added\": {}}]"}}, {"model": "admin.logentry", "pk": 357, "fields": {"action_time": "2024-11-13T08:51:29.625Z", "user": 1, "content_type": 8, "object_id": "13", "object_repr": "Printed T shirt", "action_flag": 3, "change_message": ""}}, {"model": "admin.logentry", "pk": 358, "fields": {"action_time": "2024-11-13T08:51:46.939Z", "user": 1, "content_type": 8, "object_id": "14", "object_repr": "Sun Glass", "action_flag": 3, "change_message": ""}}, {"model": "admin.logentry", "pk": 359, "fields": {"action_time": "2024-11-13T08:52:18.324Z", "user": 1, "content_type": 8, "object_id": "2", "object_repr": "Half-pant", "action_flag": 3, "change_message": ""}}, {"model": "admin.logentry", "pk": 360, "fields": {"action_time": "2024-11-13T08:52:44.006Z", "user": 1, "content_type": 8, "object_id": "8", "object_repr": "Polo", "action_flag": 3, "change_message": ""}}, {"model": "admin.logentry", "pk": 361, "fields": {"action_time": "2024-11-13T08:53:08.775Z", "user": 1, "content_type": 8, "object_id": "3", "object_repr": "Hemp Bag", "action_flag": 3, "change_message": ""}}, {"model": "admin.logentry", "pk": 362, "fields": {"action_time": "2024-11-13T08:53:49.806Z", "user": 1, "content_type": 8, "object_id": "11", "object_repr": "Bag", "action_flag": 3, "change_message": ""}}, {"model": "admin.logentry", "pk": 363, "fields": {"action_time": "2024-11-13T08:54:06.922Z", "user": 1, "content_type": 8, "object_id": "9", "object_repr": "Jeans Bag", "action_flag": 3, "change_message": ""}}, {"model": "admin.logentry", "pk": 364, "fields": {"action_time": "2024-11-13T08:54:26.181Z", "user": 1, "content_type": 8, "object_id": "20", "object_repr": "Orange bull", "action_flag": 2, "change_message": "[{\"changed\": {\"fields\": [\"Is available\"]}}]"}}, {"model": "admin.logentry", "pk": 365, "fields": {"action_time": "2024-11-13T08:54:57.400Z", "user": 1, "content_type": 8, "object_id": "20", "object_repr": "Orange bull", "action_flag": 2, "change_message": "[]"}}, {"model": "admin.logentry", "pk": 366, "fields": {"action_time": "2024-11-13T08:55:15.520Z", "user": 1, "content_type": 8, "object_id": "20", "object_repr": "Orange bull", "action_flag": 2, "change_message": "[{\"changed\": {\"fields\": [\"Is available\"]}}]"}}, {"model": "admin.logentry", "pk": 367, "fields": {"action_time": "2024-11-13T08:55:46.449Z", "user": 1, "content_type": 8, "object_id": "15", "object_repr": "Converse Chuck", "action_flag": 2, "change_message": "[{\"changed\": {\"fields\": [\"Is available\"]}}]"}}, {"model": "admin.logentry", "pk": 368, "fields": {"action_time": "2024-11-13T08:55:51.574Z", "user": 1, "content_type": 8, "object_id": "15", "object_repr": "Converse Chuck", "action_flag": 2, "change_message": "[]"}}, {"model": "admin.logentry", "pk": 369, "fields": {"action_time": "2024-11-13T08:55:59.759Z", "user": 1, "content_type": 8, "object_id": "6", "object_repr": "Hemp Bagpack", "action_flag": 2, "change_message": "[{\"changed\": {\"fields\": [\"Is available\"]}}]"}}, {"model": "admin.logentry", "pk": 370, "fields": {"action_time": "2024-11-13T08:57:20.444Z", "user": 1, "content_type": 8, "object_id": "6", "object_repr": "Nike", "action_flag": 2, "change_message": "[{\"changed\": {\"fields\": [\"Product name\", \"Slug\"]}}]"}}, {"model": "admin.logentry", "pk": 371, "fields": {"action_time": "2024-11-13T08:57:36.765Z", "user": 1, "content_type": 8, "object_id": "6", "object_repr": "Nike", "action_flag": 2, "change_message": "[{\"changed\": {\"fields\": [\"Is available\"]}}]"}}, {"model": "admin.logentry", "pk": 372, "fields": {"action_time": "2024-11-13T08:58:25.232Z", "user": 1, "content_type": 8, "object_id": "6", "object_repr": "Nike", "action_flag": 2, "change_message": "[{\"changed\": {\"fields\": [\"Images\"]}}]"}}, {"model": "admin.logentry", "pk": 373, "fields": {"action_time": "2024-11-13T08:59:42.393Z", "user": 1, "content_type": 8, "object_id": "12", "object_repr": "Blue", "action_flag": 2, "change_message": "[{\"changed\": {\"fields\": [\"Product name\", \"Slug\", \"Description\", \"Images\"]}}]"}}, {"model": "admin.logentry", "pk": 374, "fields": {"action_time": "2024-11-13T09:01:02.037Z", "user": 1, "content_type": 8, "object_id": "5", "object_repr": "Brown", "action_flag": 2, "change_message": "[{\"changed\": {\"fields\": [\"Product name\", \"Slug\", \"Description\", \"Images\", \"Category\"]}}]"}}, {"model": "admin.logentry", "pk": 375, "fields": {"action_time": "2024-11-13T09:01:25.929Z", "user": 1, "content_type": 8, "object_id": "4", "object_repr": "Orange Hemp Bag", "action_flag": 3, "change_message": ""}}, {"model": "admin.logentry", "pk": 376, "fields": {"action_time": "2024-11-13T09:02:06.974Z", "user": 1, "content_type": 8, "object_id": "5", "object_repr": "Brown", "action_flag": 2, "change_message": "[]"}}, {"model": "admin.logentry", "pk": 377, "fields": {"action_time": "2024-11-13T09:02:17.943Z", "user": 1, "content_type": 8, "object_id": "6", "object_repr": "Nike", "action_flag": 2, "change_message": "[{\"changed\": {\"fields\": [\"Category\"]}}]"}}, {"model": "admin.logentry", "pk": 378, "fields": {"action_time": "2024-11-13T09:02:24.068Z", "user": 1, "content_type": 8, "object_id": "16", "object_repr": "Black Hoodie", "action_flag": 2, "change_message": "[]"}}, {"model": "admin.logentry", "pk": 379, "fields": {"action_time": "2024-11-13T09:02:27.874Z", "user": 1, "content_type": 8, "object_id": "17", "object_repr": "Purple hoodie", "action_flag": 2, "change_message": "[]"}}, {"model": "admin.logentry", "pk": 380, "fields": {"action_time": "2024-11-13T09:02:33.964Z", "user": 1, "content_type": 8, "object_id": "18", "object_repr": "Reebok", "action_flag": 2, "change_message": "[]"}}, {"model": "admin.logentry", "pk": 381, "fields": {"action_time": "2024-11-13T09:02:39.048Z", "user": 1, "content_type": 8, "object_id": "19", "object_repr": "Space Jam", "action_flag": 2, "change_message": "[]"}}, {"model": "admin.logentry", "pk": 382, "fields": {"action_time": "2024-11-13T09:02:44.671Z", "user": 1, "content_type": 8, "object_id": "20", "object_repr": "Orange bull", "action_flag": 2, "change_message": "[]"}}, {"model": "admin.logentry", "pk": 383, "fields": {"action_time": "2024-11-13T09:03:04.840Z", "user": 1, "content_type": 6, "object_id": "8", "object_repr": "Sunglasses", "action_flag": 3, "change_message": ""}}, {"model": "admin.logentry", "pk": 384, "fields": {"action_time": "2024-11-13T09:03:10.552Z", "user": 1, "content_type": 6, "object_id": "6", "object_repr": "Printed", "action_flag": 3, "change_message": ""}}, {"model": "admin.logentry", "pk": 385, "fields": {"action_time": "2024-11-13T09:03:21.323Z", "user": 1, "content_type": 6, "object_id": "4", "object_repr": "jacket", "action_flag": 3, "change_message": ""}}, {"model": "admin.logentry", "pk": 386, "fields": {"action_time": "2024-11-13T09:03:52.284Z", "user": 1, "content_type": 6, "object_id": "3", "object_repr": "Sneakers", "action_flag": 2, "change_message": "[{\"changed\": {\"fields\": [\"Category name\", \"Slug\", \"Description\"]}}]"}}, {"model": "admin.logentry", "pk": 387, "fields": {"action_time": "2024-11-13T09:04:00.218Z", "user": 1, "content_type": 6, "object_id": "2", "object_repr": "half pants", "action_flag": 3, "change_message": ""}}, {"model": "admin.logentry", "pk": 388, "fields": {"action_time": "2024-11-13T09:10:26.440Z", "user": 1, "content_type": 8, "object_id": "21", "object_repr": "Black Tees", "action_flag": 1, "change_message": "[{\"added\": {}}]"}}, {"model": "admin.logentry", "pk": 389, "fields": {"action_time": "2024-11-13T09:10:47.568Z", "user": 1, "content_type": 8, "object_id": "17", "object_repr": "Purple hoodie", "action_flag": 3, "change_message": ""}}, {"model": "admin.logentry", "pk": 390, "fields": {"action_time": "2024-11-13T09:14:45.475Z", "user": 1, "content_type": 6, "object_id": "1", "object_repr": "Bag", "action_flag": 2, "change_message": "[{\"changed\": {\"fields\": [\"Category name\", \"Slug\", \"Description\", \"Cat image\"]}}]"}}, {"model": "admin.logentry", "pk": 391, "fields": {"action_time": "2024-11-13T09:15:14.176Z", "user": 1, "content_type": 8, "object_id": "15", "object_repr": "Converse Chuck", "action_flag": 2, "change_message": "[{\"changed\": {\"fields\": [\"Is available\"]}}]"}}, {"model": "admin.logentry", "pk": 392, "fields": {"action_time": "2024-11-13T09:15:55.645Z", "user": 1, "content_type": 8, "object_id": "15", "object_repr": "Converse Chuck", "action_flag": 2, "change_message": "[{\"changed\": {\"fields\": [\"Is available\"]}}]"}}, {"model": "admin.logentry", "pk": 393, "fields": {"action_time": "2024-11-13T09:17:37.458Z", "user": 1, "content_type": 8, "object_id": "22", "object_repr": "Bag", "action_flag": 1, "change_message": "[{\"added\": {}}]"}}, {"model": "admin.logentry", "pk": 394, "fields": {"action_time": "2024-11-13T09:18:04.222Z", "user": 1, "content_type": 8, "object_id": "15", "object_repr": "Converse Chuck", "action_flag": 2, "change_message": "[]"}}, {"model": "admin.logentry", "pk": 395, "fields": {"action_time": "2024-11-13T09:18:21.055Z", "user": 1, "content_type": 8, "object_id": "18", "object_repr": "Reebok", "action_flag": 2, "change_message": "[{\"changed\": {\"fields\": [\"Stock\"]}}]"}}, {"model": "admin.logentry", "pk": 396, "fields": {"action_time": "2024-11-13T09:19:06.773Z", "user": 1, "content_type": 6, "object_id": "5", "object_repr": "Hemp Side Bag", "action_flag": 3, "change_message": ""}}, {"model": "admin.logentry", "pk": 397, "fields": {"action_time": "2024-11-13T09:37:23.920Z", "user": 1, "content_type": 8, "object_id": "23", "object_repr": "Thrasher", "action_flag": 1, "change_message": "[{\"added\": {}}, {\"added\": {\"name\": \"productgallery\", \"object\": \"Thrasher\"}}]"}}, {"model": "admin.logentry", "pk": 398, "fields": {"action_time": "2024-11-13T09:41:46.128Z", "user": 1, "content_type": 8, "object_id": "19", "object_repr": "Space Jam", "action_flag": 2, "change_message": "[{\"changed\": {\"fields\": [\"Slug\"]}}]"}}, {"model": "admin.logentry", "pk": 399, "fields": {"action_time": "2024-11-13T09:43:50.773Z", "user": 1, "content_type": 11, "object_id": "11", "object_repr": "Red", "action_flag": 2, "change_message": "[{\"changed\": {\"fields\": [\"Product\", \"Variation category\", \"Variation value\"]}}]"}}, {"model": "admin.logentry", "pk": 400, "fields": {"action_time": "2024-11-13T09:44:03.339Z", "user": 1, "content_type": 11, "object_id": "11", "object_repr": "8", "action_flag": 2, "change_message": "[{\"changed\": {\"fields\": [\"Variation category\", \"Variation value\"]}}]"}}, {"model": "admin.logentry", "pk": 401, "fields": {"action_time": "2024-11-13T09:44:47.364Z", "user": 1, "content_type": 11, "object_id": "11", "object_repr": "8", "action_flag": 2, "change_message": "[{\"changed\": {\"fields\": [\"Is active\"]}}]"}}, {"model": "admin.logentry", "pk": 402, "fields": {"action_time": "2024-11-13T09:45:07.752Z", "user": 1, "content_type": 11, "object_id": "11", "object_repr": "8", "action_flag": 2, "change_message": "[{\"changed\": {\"fields\": [\"Is active\"]}}]"}}, {"model": "admin.logentry", "pk": 403, "fields": {"action_time": "2024-11-13T09:45:37.100Z", "user": 1, "content_type": 11, "object_id": "11", "object_repr": "Green", "action_flag": 2, "change_message": "[{\"changed\": {\"fields\": [\"Variation category\", \"Variation value\"]}}]"}}, {"model": "admin.logentry", "pk": 404, "fields": {"action_time": "2024-11-13T09:46:00.085Z", "user": 1, "content_type": 11, "object_id": "11", "object_repr": "9", "action_flag": 2, "change_message": "[{\"changed\": {\"fields\": [\"Variation category\", \"Variation value\"]}}]"}}, {"model": "admin.logentry", "pk": 405, "fields": {"action_time": "2024-11-13T09:47:00.246Z", "user": 1, "content_type": 11, "object_id": "11", "object_repr": "Red", "action_flag": 2, "change_message": "[{\"changed\": {\"fields\": [\"Variation category\", \"Variation value\"]}}]"}}, {"model": "admin.logentry", "pk": 406, "fields": {"action_time": "2024-11-13T09:47:16.249Z", "user": 1, "content_type": 11, "object_id": "12", "object_repr": "9", "action_flag": 1, "change_message": "[{\"added\": {}}]"}}, {"model": "auth.permission", "pk": 1, "fields": {"name": "Can add log entry", "content_type": 1, "codename": "add_logentry"}}, {"model": "auth.permission", "pk": 2, "fields": {"name": "Can change log entry", "content_type": 1, "codename": "change_logentry"}}, {"model": "auth.permission", "pk": 3, "fields": {"name": "Can delete log entry", "content_type": 1, "codename": "delete_logentry"}}, {"model": "auth.permission", "pk": 4, "fields": {"name": "Can view log entry", "content_type": 1, "codename": "view_logentry"}}, {"model": "auth.permission", "pk": 5, "fields": {"name": "Can add permission", "content_type": 2, "codename": "add_permission"}}, {"model": "auth.permission", "pk": 6, "fields": {"name": "Can change permission", "content_type": 2, "codename": "change_permission"}}, {"model": "auth.permission", "pk": 7, "fields": {"name": "Can delete permission", "content_type": 2, "codename": "delete_permission"}}, {"model": "auth.permission", "pk": 8, "fields": {"name": "Can view permission", "content_type": 2, "codename": "view_permission"}}, {"model": "auth.permission", "pk": 9, "fields": {"name": "Can add group", "content_type": 3, "codename": "add_group"}}, {"model": "auth.permission", "pk": 10, "fields": {"name": "Can change group", "content_type": 3, "codename": "change_group"}}, {"model": "auth.permission", "pk": 11, "fields": {"name": "Can delete group", "content_type": 3, "codename": "delete_group"}}, {"model": "auth.permission", "pk": 12, "fields": {"name": "Can view group", "content_type": 3, "codename": "view_group"}}, {"model": "auth.permission", "pk": 13, "fields": {"name": "Can add content type", "content_type": 4, "codename": "add_contenttype"}}, {"model": "auth.permission", "pk": 14, "fields": {"name": "Can change content type", "content_type": 4, "codename": "change_contenttype"}}, {"model": "auth.permission", "pk": 15, "fields": {"name": "Can delete content type", "content_type": 4, "codename": "delete_contenttype"}}, {"model": "auth.permission", "pk": 16, "fields": {"name": "Can view content type", "content_type": 4, "codename": "view_contenttype"}}, {"model": "auth.permission", "pk": 17, "fields": {"name": "Can add session", "content_type": 5, "codename": "add_session"}}, {"model": "auth.permission", "pk": 18, "fields": {"name": "Can change session", "content_type": 5, "codename": "change_session"}}, {"model": "auth.permission", "pk": 19, "fields": {"name": "Can delete session", "content_type": 5, "codename": "delete_session"}}, {"model": "auth.permission", "pk": 20, "fields": {"name": "Can view session", "content_type": 5, "codename": "view_session"}}, {"model": "auth.permission", "pk": 21, "fields": {"name": "Can add category", "content_type": 6, "codename": "add_category"}}, {"model": "auth.permission", "pk": 22, "fields": {"name": "Can change category", "content_type": 6, "codename": "change_category"}}, {"model": "auth.permission", "pk": 23, "fields": {"name": "Can delete category", "content_type": 6, "codename": "delete_category"}}, {"model": "auth.permission", "pk": 24, "fields": {"name": "Can view category", "content_type": 6, "codename": "view_category"}}, {"model": "auth.permission", "pk": 25, "fields": {"name": "Can add account", "content_type": 7, "codename": "add_account"}}, {"model": "auth.permission", "pk": 26, "fields": {"name": "Can change account", "content_type": 7, "codename": "change_account"}}, {"model": "auth.permission", "pk": 27, "fields": {"name": "Can delete account", "content_type": 7, "codename": "delete_account"}}, {"model": "auth.permission", "pk": 28, "fields": {"name": "Can view account", "content_type": 7, "codename": "view_account"}}, {"model": "auth.permission", "pk": 29, "fields": {"name": "Can add product", "content_type": 8, "codename": "add_product"}}, {"model": "auth.permission", "pk": 30, "fields": {"name": "Can change product", "content_type": 8, "codename": "change_product"}}, {"model": "auth.permission", "pk": 31, "fields": {"name": "Can delete product", "content_type": 8, "codename": "delete_product"}}, {"model": "auth.permission", "pk": 32, "fields": {"name": "Can view product", "content_type": 8, "codename": "view_product"}}, {"model": "auth.permission", "pk": 33, "fields": {"name": "Can add cart", "content_type": 9, "codename": "add_cart"}}, {"model": "auth.permission", "pk": 34, "fields": {"name": "Can change cart", "content_type": 9, "codename": "change_cart"}}, {"model": "auth.permission", "pk": 35, "fields": {"name": "Can delete cart", "content_type": 9, "codename": "delete_cart"}}, {"model": "auth.permission", "pk": 36, "fields": {"name": "Can view cart", "content_type": 9, "codename": "view_cart"}}, {"model": "auth.permission", "pk": 37, "fields": {"name": "Can add cart item", "content_type": 10, "codename": "add_cartitem"}}, {"model": "auth.permission", "pk": 38, "fields": {"name": "Can change cart item", "content_type": 10, "codename": "change_cartitem"}}, {"model": "auth.permission", "pk": 39, "fields": {"name": "Can delete cart item", "content_type": 10, "codename": "delete_cartitem"}}, {"model": "auth.permission", "pk": 40, "fields": {"name": "Can view cart item", "content_type": 10, "codename": "view_cartitem"}}, {"model": "auth.permission", "pk": 41, "fields": {"name": "Can add variation", "content_type": 11, "codename": "add_variation"}}, {"model": "auth.permission", "pk": 42, "fields": {"name": "Can change variation", "content_type": 11, "codename": "change_variation"}}, {"model": "auth.permission", "pk": 43, "fields": {"name": "Can delete variation", "content_type": 11, "codename": "delete_variation"}}, {"model": "auth.permission", "pk": 44, "fields": {"name": "Can view variation", "content_type": 11, "codename": "view_variation"}}, {"model": "auth.permission", "pk": 45, "fields": {"name": "Can add order product", "content_type": 12, "codename": "add_orderproduct"}}, {"model": "auth.permission", "pk": 46, "fields": {"name": "Can change order product", "content_type": 12, "codename": "change_orderproduct"}}, {"model": "auth.permission", "pk": 47, "fields": {"name": "Can delete order product", "content_type": 12, "codename": "delete_orderproduct"}}, {"model": "auth.permission", "pk": 48, "fields": {"name": "Can view order product", "content_type": 12, "codename": "view_orderproduct"}}, {"model": "auth.permission", "pk": 49, "fields": {"name": "Can add payment", "content_type": 13, "codename": "add_payment"}}, {"model": "auth.permission", "pk": 50, "fields": {"name": "Can change payment", "content_type": 13, "codename": "change_payment"}}, {"model": "auth.permission", "pk": 51, "fields": {"name": "Can delete payment", "content_type": 13, "codename": "delete_payment"}}, {"model": "auth.permission", "pk": 52, "fields": {"name": "Can view payment", "content_type": 13, "codename": "view_payment"}}, {"model": "auth.permission", "pk": 53, "fields": {"name": "Can add order", "content_type": 14, "codename": "add_order"}}, {"model": "auth.permission", "pk": 54, "fields": {"name": "Can change order", "content_type": 14, "codename": "change_order"}}, {"model": "auth.permission", "pk": 55, "fields": {"name": "Can delete order", "content_type": 14, "codename": "delete_order"}}, {"model": "auth.permission", "pk": 56, "fields": {"name": "Can view order", "content_type": 14, "codename": "view_order"}}, {"model": "auth.permission", "pk": 57, "fields": {"name": "Can add review rating", "content_type": 15, "codename": "add_reviewrating"}}, {"model": "auth.permission", "pk": 58, "fields": {"name": "Can change review rating", "content_type": 15, "codename": "change_reviewrating"}}, {"model": "auth.permission", "pk": 59, "fields": {"name": "Can delete review rating", "content_type": 15, "codename": "delete_reviewrating"}}, {"model": "auth.permission", "pk": 60, "fields": {"name": "Can view review rating", "content_type": 15, "codename": "view_reviewrating"}}, {"model": "auth.permission", "pk": 61, "fields": {"name": "Can add user profile", "content_type": 16, "codename": "add_userprofile"}}, {"model": "auth.permission", "pk": 62, "fields": {"name": "Can change user profile", "content_type": 16, "codename": "change_userprofile"}}, {"model": "auth.permission", "pk": 63, "fields": {"name": "Can delete user profile", "content_type": 16, "codename": "delete_userprofile"}}, {"model": "auth.permission", "pk": 64, "fields": {"name": "Can view user profile", "content_type": 16, "codename": "view_userprofile"}}, {"model": "auth.permission", "pk": 65, "fields": {"name": "Can add product gallery", "content_type": 17, "codename": "add_productgallery"}}, {"model": "auth.permission", "pk": 66, "fields": {"name": "Can change product gallery", "content_type": 17, "codename": "change_productgallery"}}, {"model": "auth.permission", "pk": 67, "fields": {"name": "Can delete product gallery", "content_type": 17, "codename": "delete_productgallery"}}, {"model": "auth.permission", "pk": 68, "fields": {"name": "Can view product gallery", "content_type": 17, "codename": "view_productgallery"}}, {"model": "auth.permission", "pk": 69, "fields": {"name": "Can add login attempt", "content_type": 18, "codename": "add_loginattempt"}}, {"model": "auth.permission", "pk": 70, "fields": {"name": "Can change login attempt", "content_type": 18, "codename": "change_loginattempt"}}, {"model": "auth.permission", "pk": 71, "fields": {"name": "Can delete login attempt", "content_type": 18, "codename": "delete_loginattempt"}}, {"model": "auth.permission", "pk": 72, "fields": {"name": "Can view login attempt", "content_type": 18, "codename": "view_loginattempt"}}, {"model": "sessions.session", "pk": "06xfo9tlnpwovqauz31yri619f1y1fwj", "fields": {"session_data": ".eJxVjDsOwyAQBe9CHaE1v7Vdps8ZELA4JokhMriKcvfEkhu3b2beh9kaa00l25RTsy0tsTa3vC0bOxQGjQJA3itQBuSFWbe12W41rjYRG5lGdhq9C8-Yd0IPl--Fh5LbmjzfFX7Qym-F4ut6uKeD2dV5ryV1MKDTk5zIhBBd1BKl0n5AUkHC4METip46VBpw0sL_kRHCg5p6z74_Q_RGXw:1srKCN:B6dTapXdjthzBHIeNQ9FGh0muJ-sgfKMQS3W1QwAkf8", "expire_date": "2024-10-03T16:40:07.943Z"}}, {"model": "sessions.session", "pk": "09uhpkiuwji3ftt0hkh22ijrx6x1q5za", "fields": {"session_data": ".eJxVjMsOwiAQRf-FtSGAwMy4dN9vIFMeUjU0Ke3K-O_apAvd3nPOfYnA21rD1vMSpiQuQovT7zZyfOS2g3TndptlnNu6TKPcFXnQLoc55ef1cP8OKvf6rYmSRc8FLMUMXp0JucSM2nlEjGALF-WxUDQObEZwRhlHRKwBVALx_gDSsjb5:1sUzYO:5lolTLODiFtHCAi1veXrDryvp5eS4CS3XDOa3WN-Q0w", "expire_date": "2024-08-03T02:10:32.500Z"}}, {"model": "sessions.session", "pk": "1exnkmwi4dlh70hy9vu1inro3ivdyxet", "fields": {"session_data": "eyJfc2Vzc2lvbl9pbml0X3RpbWVzdGFtcF8iOjE3MzE1NjU0MTEuOTgyMjQyOH0:1tBTGO:2KzN9cVcI5zW01op3YRDm1BJR6G8vUtzNKfhtAeSD1s", "expire_date": "2024-11-28T06:23:32.370Z"}}, {"model": "sessions.session", "pk": "2pxhkip7466f9rqbub5v0kf6g0g0w3uq", "fields": {"session_data": ".eJxVjMsOwiAQRf-FtSEwHaDj0r3fQAYYbNWUpI-V8d-1SRe6veec-1KRt3WI2yJzHIs6K6tOv1vi_JBpB-XO063p3KZ1HpPeFX3QRV9bkeflcP8OBl6Gb517qpTQOhBmxNAxAQli8oAcBAFMQAk2BXHGcKm-A99bbysVIter9wfOBDb1:1sh3oN:htM1673GAC9AiYcM8own96WuaBMMBZvilv77oJUpS5M", "expire_date": "2024-09-05T09:08:55.078Z"}}, {"model": "sessions.session", "pk": "452od6pr8yhql79oxixnje6em6zyvyjy", "fields": {"session_data": ".eJxVjMsOwiAQRf-FtSEwHaDj0r3fQAYYbNWUpI-V8d-1SRe6veec-1KRt3WI2yJzHIs6K6tOv1vi_JBpB-XO063p3KZ1HpPeFX3QRV9bkeflcP8OBl6Gb517qpTQOhBmxNAxAQli8oAcBAFMQAk2BXHGcKm-A99bbysVIter9wfOBDb1:1sgidB:ZVLo-_rrmZ13JLivuAmQf8VH-yDHD3OTlcYad5Vn4VI", "expire_date": "2024-09-04T10:31:57.041Z"}}, {"model": "sessions.session", "pk": "47yqqwits6ihnywoj3cyb7ylywns4n9u", "fields": {"session_data": "eyJfc2Vzc2lvbl9pbml0X3RpbWVzdGFtcF8iOjE3Mjc1MzI0MzkuNTY0ODg3NX0:1suY6R:pFGETW7IXe_8HthPPHSEHlqIu4MQc_Tz041e7IGFxZg", "expire_date": "2024-10-12T14:07:19.634Z"}}, {"model": "sessions.session", "pk": "89id1g2ehfssf88o31moghv9f542jcbz", "fields": {"session_data": ".eJxVjMsOwiAQRf-FtSEwHaDj0r3fQAYYbNWUpI-V8d-1SRe6veec-1KRt3WI2yJzHIs6K6tOv1vi_JBpB-XO063p3KZ1HpPeFX3QRV9bkeflcP8OBl6Gb517qpTQOhBmxNAxAQli8oAcBAFMQAk2BXHGcKm-A99bbysVIter9wfOBDb1:1shW6E:r1stHWQYvL048lpuJNp9c2J3qvFdwyXQ3oBGvt5635A", "expire_date": "2024-09-06T15:21:14.837Z"}}, {"model": "sessions.session", "pk": "9f191c33otuvayhve4ykmp1prxfhkx0w", "fields": {"session_data": "e30:1tA0mS:GNDXcyF9yYnN0PvlMCmWIjvp6RbzRwbENzOowxf0HMQ", "expire_date": "2024-11-24T05:46:36.000Z"}}, {"model": "sessions.session", "pk": "ae4ayodb6dcax04g7dwdp9fdsqnvfqvj", "fields": {"session_data": ".eJxVjLsOwjAMAP8lM4qSOC41IzvfUNl5kAJKpaadEP-OInWA9e50bzXxvpVpb2md5qguCq06_ULh8Ey1m_jgel90WOq2zqJ7og_b9G2J6XU92r9B4Vb6F-IgeXSOyTIYFDE-AhIQuuRJLAZCCCP4fGYjxJaGlE2WwY9oXVafL_D8N3k:1snX7r:3EQLoxt9lqLLgTyAgJ2m-WXTZ2-6lF9CxGHNIAcMlmQ", "expire_date": "2024-09-23T05:39:47.702Z"}}, {"model": "sessions.session", "pk": "cqqj2t1toxf9vtruq6mz6kr4gkh3vyc9", "fields": {"session_data": "eyJfc2Vzc2lvbl9pbml0X3RpbWVzdGFtcF8iOjE3MzQzMzk2NjIuNTQxNTgyNn0:1tN6yM:26xmfdi1k53AredYtbkpSdOontCGhvScgYbCtSCHRBg", "expire_date": "2024-12-30T09:01:02.615Z"}}, {"model": "sessions.session", "pk": "ghbh9flkk4u073rzwqtuip2z5n856lbs", "fields": {"session_data": ".eJxVjDsOwjAQRO_iGllZx19Kes5geXcdHECOFCcV4u5gKQU0U8x7My8R076VuLe8xpnFWYA4_XaY6JFrB3xP9bZIWuq2zii7Ig_a5HXh_Lwc7t9BSa30NQEgeE1hzEplZDcYpkklTzYMjmDywVnUDAmDzSaMJgAb70DjN1m8P-yDN7Y:1sjzvD:WqpHmq0dMF0ohHRwRuYpzBmk4qAgsQOoFmSqLTbAZ_E", "expire_date": "2024-09-13T11:36:07.475Z"}}, {"model": "sessions.session", "pk": "h3q53cc7tlrjn4kwvhab3a8ta7uk87hu", "fields": {"session_data": ".eJxVjDkOwyAURO9CHSGzGXCZPmdAnw_EZIHI4CrK3WNLblxMM-_NfIlrsbVci8sld9fzO7YO748jE9NCSsa1NpQJo-yFOFj77NYWF5cDmQgjp84DPmPZQXhAuVeKtfQle7or9KCN3mqIr-vhng5maPO2ToNUKMDqYQsDEUzyinulhIcA1thRA3g0OkjJcUxRDiPDgICoeJKM_P6yt0Z-:1tNPze:Ymd_IBFs6aq6s7ddDFnuG0xIbGO_ZMT8q-o8Jn9Jqi8", "expire_date": "2024-12-31T05:19:38.203Z"}}, {"model": "sessions.session", "pk": "hhvb3n92u9swbo4y186tgnb3pji8d781", "fields": {"session_data": ".eJxVjDsOwjAQRO_iGllZx19Kes5geXcdHECOFCcV4u5gKQU0U8x7My8R076VuLe8xpnFWYA4_XaY6JFrB3xP9bZIWuq2zii7Ig_a5HXh_Lwc7t9BSa30NQEgeE1hzEplZDcYpkklTzYMjmDywVnUDAmDzSaMJgAb70DjN1m8P-yDN7Y:1sjE6M:KuOZUYnyfQHmCdFGRqYcDlN9IPIiAwGX6SpfxXESSZk", "expire_date": "2024-09-11T08:32:26.477Z"}}, {"model": "sessions.session", "pk": "r0q97biilv76zv1ps4iei0tgv1l3rjga", "fields": {"session_data": "eyJfc2Vzc2lvbl9pbml0X3RpbWVzdGFtcF8iOjE3MzQ0MTI2ODguMzc5Mzk5fQ:1tNPyC:D_vHRbpdqMNBvQhqMAsYB1kym7qgijfYPxA4d4lWF3I", "expire_date": "2024-12-31T05:18:08.847Z"}}, {"model": "sessions.session", "pk": "rgplb3tfrg1llaftg2p88yk8mwhksc6n", "fields": {"session_data": ".eJxVjDsOwjAQRO_iGllZx19Kes5geXcdHECOFCcV4u5gKQU0U8x7My8R076VuLe8xpnFWYA4_XaY6JFrB3xP9bZIWuq2zii7Ig_a5HXh_Lwc7t9BSa30NQEgeE1hzEplZDcYpkklTzYMjmDywVnUDAmDzSaMJgAb70DjN1m8P-yDN7Y:1sjEOW:j0yypmLGXHAy3HxAgHKkvoHgCHwJWsr0IyqHg9y7TIs", "expire_date": "2024-09-11T08:51:12.481Z"}}, {"model": "sessions.session", "pk": "ufbgll65wloqlw2j4ynljj9shsosxjsy", "fields": {"session_data": "e30:1tLhLd:BXfEAvfAfgEWAwJQ14wKJEFLj3-6bK2jJnia2HJQ0SI", "expire_date": "2024-12-26T11:27:13.685Z"}}, {"model": "sessions.session", "pk": "ulc315x7gpoacp2x91utjgsh8o5n8b5v", "fields": {"session_data": ".eJxVjMsOwiAUBf-FtSHQy7NL934DAS61qAVT6Mr479qkm27PzJwPcS21lmtxueTuel5S6355OzJyDVwqqSVQbQYm7HAhzm99dltLq8tIRiI1OY3Bx2cqO8GHL_dKYy19zYHuCj1oo7eK6XU93NPB7Nv8r4GjAlTDZPzAGQ9RgAINIVhhkhc4CaMC5xh1MCiFBeOZkcwojRNTNpHvDymHRd8:1tBTLt:AAatBwXGfbS8nyJLePdnla76OPfPi1nBMC4ePW8T-vA", "expire_date": "2024-11-28T06:29:13.797Z"}}, {"model": "sessions.session", "pk": "yh27nhuewzgq0h05r4no53218e31k0ax", "fields": {"session_data": ".eJxVjDsOwjAQRO_iGllZx19Kes5geXcdHECOFCcV4u5gKQU0U8x7My8R076VuLe8xpnFWYA4_XaY6JFrB3xP9bZIWuq2zii7Ig_a5HXh_Lwc7t9BSa30NQEgeE1hzEplZDcYpkklTzYMjmDywVnUDAmDzSaMJgAb70DjN1m8P-yDN7Y:1slSHl:J4R2kEI8xb4LzVt1IP2XT-U1WYd6buM2GYa7tfrBZUM", "expire_date": "2024-09-17T12:05:25.678Z"}}, {"model": "sessions.session", "pk": "yzp868g422yt4cpx0i8y9275n56m18vc", "fields": {"session_data": ".eJxVjMsOwiAQRf-FtSEwHaDj0r3fQAYYbNWUpI-V8d-1SRe6veec-1KRt3WI2yJzHIs6K6tOv1vi_JBpB-XO063p3KZ1HpPeFX3QRV9bkeflcP8OBl6Gb517qpTQOhBmxNAxAQli8oAcBAFMQAk2BXHGcKm-A99bbysVIter9wfOBDb1:1silzq:MaZhHqyjU_Xt4lRwPdqu-g8XLDtuUiIt1pQ0zKlMVJM", "expire_date": "2024-09-10T02:31:50.000Z"}}, {"model": "sessions.session", "pk": "zwt71weyxxyu8c9bpeniu7f4t21rf9p7", "fields": {"session_data": ".eJxVjMsOwiAQRf-FtSEwHaDj0r3fQAYYbNWUpI-V8d-1SRe6veec-1KRt3WI2yJzHIs6K6tOv1vi_JBpB-XO063p3KZ1HpPeFX3QRV9bkeflcP8OBl6Gb517qpTQOhBmxNAxAQli8oAcBAFMQAk2BXHGcKm-A99bbysVIter9wfOBDb1:1shW6F:0xHgkkxckF_RSzYG6DLJXUnSfsBU3S2KuodU8bI-wCs", "expire_date": "2024-09-06T15:21:15.192Z"}}, {"model": "category.category", "pk": 1, "fields": {"category_name": "Bag", "slug": "Bag", "description": "Bag Collection", "cat_image": ""}}, {"model": "category.category", "pk": 3, "fields": {"category_name": "Sneakers", "slug": "sneakers", "description": "Shoe section", "cat_image": "photos/categories/12-1.jpg"}}, {"model": "category.category", "pk": 7, "fields": {"category_name": "T-Shirts", "slug": "t-shirts", "description": "", "cat_image": ""}}, {"model": "category.category", "pk": 9, "fields": {"category_name": "Hoodies", "slug": "hoodies", "description": "Hoodie collection", "cat_image": "photos/categories/Screenshot_2024-11-13_142238.png"}}, {"model": "accounts.account", "pk": 1, "fields": {"password": "pbkdf2_sha256$870000$18cSl3R7MrHGtVrtOfgmnf$AcyE4ufJhWTPVxxAC2tdRkmbFDoJBpsbelkNm04rm7I=", "first_name": "Ridaya", "last_name": "Shrestha", "username": "hridaya", "email": "ridaya350@gmail.com", "phone_number": "9825805154", "date_joined": "2024-07-12T16:04:42.095Z", "last_login": "2024-12-17T05:19:25.045Z", "is_admin": true, "is_staff": true, "is_active": true, "is_superadmin": true}}, {"model": "accounts.account", "pk": 57, "fields": {"password": "pbkdf2_sha256$870000$8VFouW0gc2DYhrsRmq5c0Q$VNjQRYDTzn5c2p2/86Qt3tcoCBy30EigcSmXSJdsqSU=", "first_name": "Puja", "last_name": "stha", "username": "pjashrestha099", "email": "pjashrestha099@gmail.com", "phone_number": "2134587", "date_joined": "2024-09-19T15:30:06.934Z", "last_login": "2024-12-11T02:56:57.878Z", "is_admin": false, "is_staff": false, "is_active": true, "is_superadmin": false}}, {"model": "accounts.userprofile", "pk": 1, "fields": {"user": 1, "address_line_1": "ktm", "address_line_2": "ktm", "profile_picture": "userprofile/434647086_946764323724786_6543080918300438397_n.jpg", "city": "Kathmandu", "state": "g", "country": "Nepal"}}, {"model": "store.product", "pk": 5, "fields": {"product_name": "Brown", "slug": "brown-nike", "description": "", "price": 1199, "images": "photos/products/Screenshot_2024-11-13_144513.png", "stock": 2, "is_available": true, "category": 9, "created_date": "2024-07-20T02:25:34.700Z", "modified_date": "2024-12-11T02:57:52.351Z"}}, {"model": "store.product", "pk": 6, "fields": {"product_name": "Nike", "slug": "nike", "description": "only 2 pieces left", "price": 899, "images": "photos/products/Screenshot_2024-11-13_144126.png", "stock": 0, "is_available": true, "category": 9, "created_date": "2024-07-20T02:26:49.762Z", "modified_date": "2024-11-29T05:35:26.652Z"}}, {"model": "store.product", "pk": 15, "fields": {"product_name": "Converse Chuck", "slug": "converse-chuck", "description": "", "price": 1500, "images": "photos/products/12_y8Tmtjg.jpg", "stock": 2, "is_available": false, "category": 3, "created_date": "2024-11-10T06:27:46.027Z", "modified_date": "2024-11-13T09:18:04.211Z"}}, {"model": "store.product", "pk": 16, "fields": {"product_name": "Black Hoodie", "slug": "black-hoodie", "description": "", "price": 2800, "images": "photos/products/Screenshot_2024-11-13_142238.png", "stock": 7, "is_available": true, "category": 9, "created_date": "2024-11-13T08:43:25.251Z", "modified_date": "2024-11-13T09:02:24.063Z"}}, {"model": "store.product", "pk": 18, "fields": {"product_name": "Reebok", "slug": "reebok", "description": "", "price": 700, "images": "photos/products/Screenshot_2024-11-13_143052.png", "stock": 0, "is_available": true, "category": 7, "created_date": "2024-11-13T08:46:49.879Z", "modified_date": "2024-11-13T09:18:21.049Z"}}, {"model": "store.product", "pk": 19, "fields": {"product_name": "Space Jam", "slug": "spacejam-tees", "description": "", "price": 900, "images": "photos/products/Screenshot_2024-11-13_143225.png", "stock": 2, "is_available": true, "category": 7, "created_date": "2024-11-13T08:48:58.237Z", "modified_date": "2024-11-13T09:41:46.128Z"}}, {"model": "store.product", "pk": 20, "fields": {"product_name": "Orange bull", "slug": "orange-bull", "description": "", "price": 2800, "images": "photos/products/Screenshot_2024-11-13_143500.png", "stock": 5, "is_available": true, "category": 9, "created_date": "2024-11-13T08:51:00.721Z", "modified_date": "2024-11-13T09:02:44.666Z"}}, {"model": "store.product", "pk": 21, "fields": {"product_name": "Black Tees", "slug": "black-tees", "description": "", "price": 999, "images": "photos/products/Screenshot_2024-11-13_145344.png", "stock": 1, "is_available": true, "category": 7, "created_date": "2024-11-13T09:10:26.436Z", "modified_date": "2024-11-13T09:10:26.436Z"}}, {"model": "store.product", "pk": 22, "fields": {"product_name": "Bag", "slug": "bag", "description": "Converse Original 100%", "price": 3000, "images": "photos/products/4_yqGXuDJ.jpg", "stock": 1, "is_available": true, "category": 1, "created_date": "2024-11-13T09:17:37.458Z", "modified_date": "2024-11-13T09:17:37.458Z"}}, {"model": "store.product", "pk": 23, "fields": {"product_name": "Thrasher", "slug": "thrasher", "description": "Purple Color", "price": 2997, "images": "photos/products/Screenshot_2024-11-13_152045.png", "stock": 2, "is_available": true, "category": 9, "created_date": "2024-11-13T09:37:23.902Z", "modified_date": "2024-11-13T09:37:23.902Z"}}, {"model": "store.variation", "pk": 8, "fields": {"product": 5, "variation_category": "color", "variation_value": "Green", "is_active": true, "created_date": "2024-11-08T14:05:14.501Z"}}, {"model": "store.variation", "pk": 9, "fields": {"product": 5, "variation_category": "color", "variation_value": "Red", "is_active": true, "created_date": "2024-11-08T14:05:33.559Z"}}, {"model": "store.variation", "pk": 10, "fields": {"product": 5, "variation_category": "size", "variation_value": "Large", "is_active": true, "created_date": "2024-11-08T14:06:00.389Z"}}, {"model": "store.variation", "pk": 11, "fields": {"product": 6, "variation_category": "color", "variation_value": "Red", "is_active": true, "created_date": "2024-11-13T09:47:00.246Z"}}, {"model": "store.variation", "pk": 12, "fields": {"product": 6, "variation_category": "size", "variation_value": "9", "is_active": true, "created_date": "2024-11-13T09:47:16.230Z"}}, {"model": "store.reviewrating", "pk": 8, "fields": {"product": 5, "user": 1, "subject": "", "review": "", "rating": 4.0, "ip": "127.0.0.1", "status": true, "created_at": "2024-11-13T09:49:48.773Z", "updated_at": "2024-11-13T09:49:48.773Z"}}, {"model": "store.reviewrating", "pk": 9, "fields": {"product": 6, "user": 57, "subject": "dami", "review": "", "rating": 3.5, "ip": "127.0.0.1", "status": true, "created_at": "2024-11-13T09:54:55.831Z", "updated_at": "2024-11-13T09:54:55.831Z"}}, {"model": "store.productgallery", "pk": 3, "fields": {"product": 23, "image": "store/products/Screenshot_2024-11-13_152057.png"}}, {"model": "carts.cart", "pk": 68, "fields": {"cart_id": "u7iovxedcg448yjazbzygeqpxh29ee00", "date_added": "2024-09-06"}}, {"model": "carts.cart", "pk": 69, "fields": {"cart_id": "4d3tqqigwttdxicovwvbb0rro0vm6uxk", "date_added": "2024-09-14"}}, {"model": "carts.cart", "pk": 70, "fields": {"cart_id": "6heeqcf7ftzho86vis1k824cldqd5n3q", "date_added": "2024-11-12"}}, {"model": "carts.cart", "pk": 71, "fields": {"cart_id": "76efwlwd2fv4bpq96j96is4pzu1qj3oc", "date_added": "2024-11-29"}}, {"model": "carts.cart", "pk": 72, "fields": {"cart_id": "pxbmwkebezou7ix2nhj2zaltel3pfx2b", "date_added": "2024-11-29"}}, {"model": "carts.cart", "pk": 73, "fields": {"cart_id": "yozjazjyahzim7vgoh9x2mf2ohhusipw", "date_added": "2024-12-11"}}, {"model": "carts.cart", "pk": 74, "fields": {"cart_id": "lxqpnvl1ayqmc4essvyf3s4z0u9tig6c", "date_added": "2024-12-16"}}, {"model": "carts.cartitem", "pk": 161, "fields": {"user": null, "product": 6, "cart": 71, "quantity": 3, "is_active": true, "variations": [11, 12]}}, {"model": "carts.cartitem", "pk": 165, "fields": {"user": null, "product": 5, "cart": 74, "quantity": 4, "is_active": true, "variations": [8, 10]}}, {"model": "orders.payment", "pk": 1, "fields": {"user": 1, "payment_id": "3FY636713B957422T", "payment_method": "PayPal", "amount_paid": "5098.98", "status": "COMPLETED", "created_at": "2024-08-30T11:35:00.292Z"}}, {"model": "orders.payment", "pk": 16, "fields": {"user": 1, "payment_id": "1FN149386D569303X", "payment_method": "PayPal", "amount_paid": "10197.96", "status": "COMPLETED", "created_at": "2024-09-02T10:37:38.992Z"}}, {"model": "orders.payment", "pk": 18, "fields": {"user": 1, "payment_id": "4JK71310MF8941328", "payment_method": "PayPal", "amount_paid": "25494.9", "status": "COMPLETED", "created_at": "2024-09-03T12:03:59.229Z"}}, {"model": "orders.payment", "pk": 20, "fields": {"user": 57, "payment_id": "24X97286DE442801B", "payment_method": "PayPal", "amount_paid": "5098.98", "status": "COMPLETED", "created_at": "2024-09-19T15:38:42.404Z"}}, {"model": "orders.payment", "pk": 21, "fields": {"user": 57, "payment_id": "1GL47191MU252623C", "payment_method": "PayPal", "amount_paid": "5098.98", "status": "COMPLETED", "created_at": "2024-11-10T05:52:53.803Z"}}, {"model": "orders.payment", "pk": 22, "fields": {"user": 1, "payment_id": "1077393213717820C", "payment_method": "PayPal", "amount_paid": "2445.96", "status": "COMPLETED", "created_at": "2024-11-13T09:49:24.295Z"}}, {"model": "orders.payment", "pk": 23, "fields": {"user": 57, "payment_id": "53546983AC931113P", "payment_method": "PayPal", "amount_paid": "1833.96", "status": "COMPLETED", "created_at": "2024-11-13T09:53:06.101Z"}}, {"model": "orders.payment", "pk": 24, "fields": {"user": 57, "payment_id": "5NN417757S469071W", "payment_method": "PayPal", "amount_paid": "1833.96", "status": "COMPLETED", "created_at": "2024-11-29T05:35:26.532Z"}}, {"model": "orders.payment", "pk": 25, "fields": {"user": 57, "payment_id": "6PA9539238592420L", "payment_method": "PayPal", "amount_paid": "1222.98", "status": "COMPLETED", "created_at": "2024-11-29T06:01:15.908Z"}}, {"model": "orders.payment", "pk": 26, "fields": {"user": 57, "payment_id": "1E696584BT966750F", "payment_method": "PayPal", "amount_paid": "3668.94", "status": "COMPLETED", "created_at": "2024-11-29T07:19:35.143Z"}}, {"model": "orders.payment", "pk": 27, "fields": {"user": 57, "payment_id": "6BR97837PM5587450", "payment_method": "PayPal", "amount_paid": "1222.98", "status": "COMPLETED", "created_at": "2024-12-11T02:57:52.258Z"}}, {"model": "orders.order", "pk": 83, "fields": {"user": 1, "payment": 16, "order_number": "2024090283", "first_name": "Puja", "last_name": "stha", "phone": "2134587", "email": "pjashrestha099@gmail.com", "address_line_1": "ktm", "address_line_2": "ktm", "country": "Nepal", "state": "Bagmati", "city": "Kathmandu", "order_note": "", "order_total": 10197.96, "tax": 199.96, "status": "New", "ip": "127.0.0.1", "is_ordered": true, "created_at": "2024-09-02T10:37:13.801Z", "updated_at": "2024-09-02T10:37:13.801Z"}}, {"model": "orders.order", "pk": 84, "fields": {"user": null, "payment": null, "order_number": "2024090284", "first_name": "Puja", "last_name": "stha", "phone": "2134587", "email": "pjashrestha099@gmail.com", "address_line_1": "ktm", "address_line_2": "ktm", "country": "Nepal", "state": "bg", "city": "Kathmandu", "order_note": "", "order_total": 5098.98, "tax": 99.98, "status": "New", "ip": "127.0.0.1", "is_ordered": true, "created_at": "2024-09-02T11:08:00.526Z", "updated_at": "2024-09-02T11:08:00.526Z"}}, {"model": "orders.order", "pk": 85, "fields": {"user": 1, "payment": 18, "order_number": "2024090385", "first_name": "Sita", "last_name": "Shrestha", "phone": "9802020202", "email": "sthaaaa@gmail.com", "address_line_1": "Kathmandu", "address_line_2": "", "country": "Nepal", "state": "Bagmati", "city": "Kathmandu", "order_note": "Aru color kunai xaina?", "order_total": 25494.9, "tax": 499.9, "status": "New", "ip": "127.0.0.1", "is_ordered": true, "created_at": "2024-09-03T12:03:23.538Z", "updated_at": "2024-09-03T12:03:23.538Z"}}, {"model": "orders.order", "pk": 86, "fields": {"user": null, "payment": null, "order_number": "2024091486", "first_name": "Puja", "last_name": "stha", "phone": "2134587", "email": "pjashrestha099@gmail.com", "address_line_1": "ktm", "address_line_2": "ktm", "country": "Nepal", "state": "b", "city": "Kathmandu", "order_note": "nice", "order_total": 15296.94, "tax": 299.94, "status": "New", "ip": "127.0.0.1", "is_ordered": true, "created_at": "2024-09-14T06:24:12.180Z", "updated_at": "2024-09-14T06:24:12.180Z"}}, {"model": "orders.order", "pk": 87, "fields": {"user": 57, "payment": 20, "order_number": "2024091987", "first_name": "Puja", "last_name": "stha", "phone": "2134587", "email": "pjashrestha099@gmail.com", "address_line_1": "ktm", "address_line_2": "ktm", "country": "Nepal", "state": "bg", "city": "Kathmandu", "order_note": "", "order_total": 5098.98, "tax": 99.98, "status": "New", "ip": "127.0.0.1", "is_ordered": true, "created_at": "2024-09-19T15:38:19.513Z", "updated_at": "2024-09-19T15:38:19.513Z"}}, {"model": "orders.order", "pk": 88, "fields": {"user": 1, "payment": null, "order_number": "2024110888", "first_name": "Puja", "last_name": "stha", "phone": "2134587", "email": "pjashrestha099@gmail.com", "address_line_1": "ktm", "address_line_2": "ktm", "country": "Nepal", "state": "g", "city": "Kathmandu", "order_note": "large", "order_total": 10197.96, "tax": 199.96, "status": "New", "ip": "127.0.0.1", "is_ordered": false, "created_at": "2024-11-08T13:55:43.966Z", "updated_at": "2024-11-08T13:55:43.966Z"}}, {"model": "orders.order", "pk": 89, "fields": {"user": 57, "payment": null, "order_number": "2024110889", "first_name": "Puja", "last_name": "stha", "phone": "2134587", "email": "pjashrestha099@gmail.com", "address_line_1": "ktm", "address_line_2": "ktm", "country": "Nepal", "state": "b", "city": "Kathmandu", "order_note": "nn", "order_total": 2038.98, "tax": 39.98, "status": "New", "ip": "127.0.0.1", "is_ordered": false, "created_at": "2024-11-08T17:39:15.082Z", "updated_at": "2024-11-08T17:39:15.082Z"}}, {"model": "orders.order", "pk": 90, "fields": {"user": 57, "payment": 21, "order_number": "2024111090", "first_name": "Puja", "last_name": "stha", "phone": "2134587", "email": "pjashrestha099@gmail.com", "address_line_1": "ktm", "address_line_2": "ktm", "country": "Nepal", "state": "Bagmati", "city": "Kathmandu", "order_note": "One only", "order_total": 5098.98, "tax": 99.98, "status": "New", "ip": "127.0.0.1", "is_ordered": true, "created_at": "2024-11-10T05:51:46.110Z", "updated_at": "2024-11-10T05:51:46.110Z"}}, {"model": "orders.order", "pk": 91, "fields": {"user": 1, "payment": null, "order_number": "2024111391", "first_name": "Puja", "last_name": "stha", "phone": "2134587", "email": "pjashrestha099@gmail.com", "address_line_1": "ktm", "address_line_2": "ktm", "country": "Nepal", "state": "g", "city": "Kathmandu", "order_note": "", "order_total": 2445.96, "tax": 47.96, "status": "New", "ip": "127.0.0.1", "is_ordered": false, "created_at": "2024-11-13T09:48:05.098Z", "updated_at": "2024-11-13T09:48:05.098Z"}}, {"model": "orders.order", "pk": 92, "fields": {"user": 1, "payment": 22, "order_number": "2024111392", "first_name": "Puja", "last_name": "stha", "phone": "2134587", "email": "ridaya350@gmail.com", "address_line_1": "ktm", "address_line_2": "ktm", "country": "Nepal", "state": "g", "city": "Kathmandu", "order_note": "", "order_total": 2445.96, "tax": 47.96, "status": "New", "ip": "127.0.0.1", "is_ordered": true, "created_at": "2024-11-13T09:48:39.809Z", "updated_at": "2024-11-13T09:48:39.809Z"}}, {"model": "orders.order", "pk": 93, "fields": {"user": 57, "payment": null, "order_number": "2024111393", "first_name": "Puja", "last_name": "stha", "phone": "2134587", "email": "pjashrestha099@gmail.com", "address_line_1": "ktm", "address_line_2": "", "country": "Nepal", "state": "bg", "city": "Kathmandu", "order_note": "", "order_total": 1833.96, "tax": 35.96, "status": "New", "ip": "127.0.0.1", "is_ordered": false, "created_at": "2024-11-13T09:52:22.575Z", "updated_at": "2024-11-13T09:52:22.575Z"}}, {"model": "orders.order", "pk": 94, "fields": {"user": 57, "payment": 23, "order_number": "2024111394", "first_name": "Puja", "last_name": "stha", "phone": "2134587", "email": "pjashrestha099@gmail.com", "address_line_1": "chandragiri", "address_line_2": "", "country": "Nepal", "state": "bg", "city": "Kathmandu", "order_note": "", "order_total": 1833.96, "tax": 35.96, "status": "New", "ip": "127.0.0.1", "is_ordered": true, "created_at": "2024-11-13T09:52:45.289Z", "updated_at": "2024-11-13T09:52:45.289Z"}}, {"model": "orders.order", "pk": 95, "fields": {"user": 57, "payment": null, "order_number": "2024111495", "first_name": "bikal", "last_name": "stha", "phone": "2134587", "email": "shresthabikal44@gmail.com", "address_line_1": "ktm", "address_line_2": "ktm", "country": "Nepal", "state": "bg", "city": "Kathmandu", "order_note": "", "order_total": 916.98, "tax": 17.98, "status": "New", "ip": "127.0.0.1", "is_ordered": false, "created_at": "2024-11-14T06:26:42.398Z", "updated_at": "2024-11-14T06:26:42.398Z"}}, {"model": "orders.order", "pk": 96, "fields": {"user": 57, "payment": null, "order_number": "2024111496", "first_name": "bikal", "last_name": "stha", "phone": "2134587", "email": "shresthabikal44@gmail.com", "address_line_1": "ktm", "address_line_2": "ktm", "country": "Nepal", "state": "bg", "city": "Kathmandu", "order_note": "", "order_total": 916.98, "tax": 17.98, "status": "New", "ip": "127.0.0.1", "is_ordered": false, "created_at": "2024-11-14T06:29:13.782Z", "updated_at": "2024-11-14T06:29:13.782Z"}}, {"model": "orders.order", "pk": 97, "fields": {"user": 57, "payment": 24, "order_number": "2024112997", "first_name": "Puja", "last_name": "stha", "phone": "2134587", "email": "pjashrestha099@gmail.com", "address_line_1": "ktm", "address_line_2": "ktm", "country": "Nepal", "state": "bg", "city": "Kathmandu", "order_note": "One only", "order_total": 1833.96, "tax": 35.96, "status": "New", "ip": "127.0.0.1", "is_ordered": true, "created_at": "2024-11-29T05:34:43.707Z", "updated_at": "2024-11-29T05:34:43.707Z"}}, {"model": "orders.order", "pk": 98, "fields": {"user": 57, "payment": 25, "order_number": "2024112998", "first_name": "Puja", "last_name": "stha", "phone": "2134587", "email": "pjashrestha099@gmail.com", "address_line_1": "ktm", "address_line_2": "ktm", "country": "Nepal", "state": "bg", "city": "Kathmandu", "order_note": "not", "order_total": 1222.98, "tax": 23.98, "status": "New", "ip": "127.0.0.1", "is_ordered": true, "created_at": "2024-11-29T06:00:49.200Z", "updated_at": "2024-11-29T06:00:49.200Z"}}, {"model": "orders.order", "pk": 99, "fields": {"user": 57, "payment": 26, "order_number": "2024112999", "first_name": "Puja", "last_name": "stha", "phone": "2134587", "email": "pjashrestha099@gmail.com", "address_line_1": "ktm", "address_line_2": "ktm", "country": "Nepal", "state": "bg", "city": "Kathmandu", "order_note": "nn", "order_total": 3668.94, "tax": 71.94, "status": "New", "ip": "127.0.0.1", "is_ordered": true, "created_at": "2024-11-29T07:19:09.308Z", "updated_at": "2024-11-29T07:19:09.308Z"}}, {"model": "orders.order", "pk": 100, "fields": {"user": 57, "payment": 27, "order_number": "20241211100", "first_name": "Puja", "last_name": "stha", "phone": "2134587", "email": "pjashrestha099@gmail.com", "address_line_1": "ktm", "address_line_2": "ktm", "country": "Nepal", "state": "bg", "city": "Kathmandu", "order_note": "nice", "order_total": 1222.98, "tax": 23.98, "status": "New", "ip": "127.0.0.1", "is_ordered": true, "created_at": "2024-12-11T02:57:07.677Z", "updated_at": "2024-12-11T02:57:07.677Z"}}, {"model": "orders.orderproduct", "pk": 22, "fields": {"order": 92, "payment": 22, "user": 1, "product": 5, "quantity": 2, "product_price": 1199.0, "ordered": true, "created_at": "2024-11-13T09:49:24.362Z", "updated_at": "2024-11-13T09:49:24.422Z", "variations": [8, 10]}}, {"model": "orders.orderproduct", "pk": 23, "fields": {"order": 94, "payment": 23, "user": 57, "product": 6, "quantity": 2, "product_price": 899.0, "ordered": true, "created_at": "2024-11-13T09:53:06.133Z", "updated_at": "2024-11-13T09:53:06.166Z", "variations": [11, 12]}}, {"model": "orders.orderproduct", "pk": 24, "fields": {"order": 97, "payment": 24, "user": 57, "product": 6, "quantity": 2, "product_price": 899.0, "ordered": true, "created_at": "2024-11-29T05:35:26.588Z", "updated_at": "2024-11-29T05:35:26.631Z", "variations": [11, 12]}}, {"model": "orders.orderproduct", "pk": 25, "fields": {"order": 98, "payment": 25, "user": 57, "product": 5, "quantity": 1, "product_price": 1199.0, "ordered": true, "created_at": "2024-11-29T06:01:15.964Z", "updated_at": "2024-11-29T06:01:16.031Z", "variations": [8, 10]}}, {"model": "orders.orderproduct", "pk": 26, "fields": {"order": 99, "payment": 26, "user": 57, "product": 5, "quantity": 3, "product_price": 1199.0, "ordered": true, "created_at": "2024-11-29T07:19:35.177Z", "updated_at": "2024-11-29T07:19:35.209Z", "variations": [9, 10]}}, {"model": "orders.orderproduct", "pk": 27, "fields": {"order": 100, "payment": 27, "user": 57, "product": 5, "quantity": 1, "product_price": 1199.0, "ordered": true, "created_at": "2024-12-11T02:57:52.283Z", "updated_at": "2024-12-11T02:57:52.322Z", "variations": [8, 10]}}, {"model": "admin_honeypot.loginattempt", "pk": 1, "fields": {"username": "ridaya350@gmail.com", "ip_address": "127.0.0.1", "session_key": "z9lwn5os0zylmiuihgdc52x1jrg9iaid", "user_agent": "Mozilla/5.0 (Windows NT 10.0; Win64; x64) AppleWebKit/537.36 (KHTML, like Gecko) Chrome/128.0.0.0 Safari/537.36", "timestamp": "2024-09-19T13:32:16.879Z", "path": "/admin/login/?next=/admin/"}}, {"model": "admin_honeypot.loginattempt", "pk": 2, "fields": {"username": "ridaya350@gmail.com", "ip_address": "127.0.0.1", "session_key": "z9lwn5os0zylmiuihgdc52x1jrg9iaid", "user_agent": "Mozilla/5.0 (Windows NT 10.0; Win64; x64) AppleWebKit/537.36 (KHTML, like Gecko) Chrome/128.0.0.0 Safari/537.36", "timestamp": "2024-09-19T13:32:32.399Z", "path": "/admin/login/?next=/admin/"}}, {"model": "admin_honeypot.loginattempt", "pk": 3, "fields": {"username": "ridaya350@gmail.com", "ip_address": "127.0.0.1", "session_key": "fsrrantjbqiq6cx0fjkr0uwsfkrhukzj", "user_agent": "Mozilla/5.0 (Windows NT 10.0; Win64; x64) AppleWebKit/537.36 (KHTML, like Gecko) Chrome/128.0.0.0 Safari/537.36", "timestamp": "2024-09-19T13:33:19.955Z", "path": "/admin/login/?next=/admin/"}}, {"model": "admin_honeypot.loginattempt", "pk": 4, "fields": {"username": "ridaya350@gmail.com", "ip_address": "127.0.0.1", "session_key": "fsrrantjbqiq6cx0fjkr0uwsfkrhukzj", "user_agent": "Mozilla/5.0 (Windows NT 10.0; Win64; x64) AppleWebKit/537.36 (KHTML, like Gecko) Chrome/128.0.0.0 Safari/537.36", "timestamp": "2024-09-19T13:33:25.318Z", "path": "/admin/login/?next=/admin/"}}, {"model": "admin_honeypot.loginattempt", "pk": 5, "fields": {"username": "ridaya350@gmail.com", "ip_address": "127.0.0.1", "session_key": "q0krrz2s7qa0dxw8nq77yvbqfv1p5r4o", "user_agent": "Mozilla/5.0 (Windows NT 10.0; Win64; x64) AppleWebKit/537.36 (KHTML, like Gecko) Chrome/128.0.0.0 Safari/537.36", "timestamp": "2024-09-19T15:28:35.538Z", "path": "/admin/login/?next=/admin/"}}, {"model": "admin_honeypot.loginattempt", "pk": 6, "fields": {"username": "ridaya350@gmail.com", "ip_address": "127.0.0.1", "session_key": "q0krrz2s7qa0dxw8nq77yvbqfv1p5r4o", "user_agent": "Mozilla/5.0 (Windows NT 10.0; Win64; x64) AppleWebKit/537.36 (KHTML, like Gecko) Chrome/128.0.0.0 Safari/537.36", "timestamp": "2024-09-19T15:28:39.762Z", "path": "/admin/login/?next=/admin/"}}, {"model": "admin_honeypot.loginattempt", "pk": 7, "fields": {"username": "ridaya350@gmail.com", "ip_address": "127.0.0.1", "session_key": "q0krrz2s7qa0dxw8nq77yvbqfv1p5r4o", "user_agent": "Mozilla/5.0 (Windows NT 10.0; Win64; x64) AppleWebKit/537.36 (KHTML, like Gecko) Chrome/128.0.0.0 Safari/537.36", "timestamp": "2024-09-19T15:28:44.471Z", "path": "/admin/login/?next=/admin/"}}]